id	len	post_url	status
C33	10	https://grok.com/imagine/post/d29635c0-9e9f-4fea-b2fc-13ceceaea62b?conversation=8a2c14b0-7e97-4407-b3f4-2d4cf3088463	submitted
C05	10	https://grok.com/imagine/post/cc96f7b7-f0df-4e36-9021-2ed397b398f3?conversation=770a00d1-d3c8-43b7-a502-6fab14f3f153	submitted
C06	10	https://grok.com/imagine/post/ba43c3ca-dc50-4466-8e38-a6e3aa4e1527?conversation=ac6e11db-413e-4e6b-80d5-46c2f07de176	submitted
C07	10	https://grok.com/imagine/post/a14e3144-bf7d-46e7-b9d1-9a89c5b8213f?conversation=8d21422d-015c-4bfc-8b17-d91f25d95ecf	submitted
C10	10	https://grok.com/imagine/post/60817ee9-6e03-4db9-bf2c-bba84ca912b1?conversation=80d7509f-53e2-4ac1-a306-0723ce39076a	submitted
C13	10	https://grok.com/imagine/post/5dff4c5d-d209-4020-90f0-da4d6f579732?conversation=66cbd589-7e0d-4d90-9dba-aa4d945f40b1	submitted
C16	10	https://grok.com/imagine/post/7facadc3-3b89-435f-b15a-7709825f7ad5?conversation=10da3fec-e651-4ccb-9580-8b375d5a8ae8	submitted
C18	10	https://grok.com/imagine/post/584bb463-4a5a-40b9-b69f-3522256182a1?conversation=6f3feb8b-7b7c-44d5-99fc-9fe0c8f012d1	submitted
C20	10	https://grok.com/imagine/post/977b37d2-b920-4ed5-8f8b-f46c52f948b4?conversation=51709887-bdc9-4828-b414-8df5abaa30c3	submitted
C28	10	https://grok.com/imagine/post/f708c3d5-810b-47c2-848d-a0adfcb589f3?conversation=ddbbc5a6-0440-4edf-8b7f-e89676668b0d	submitted
C36	10	https://grok.com/imagine/post/d8d69cb1-1283-4377-b748-20b28ebe5d3e?conversation=1e9c6868-753d-4d53-9b9d-e8838e7184b5	submitted
C01	6	https://grok.com/imagine/post/af733c02-7d3c-4079-b35e-f210cd711879?conversation=a1396df9-e462-4b40-b609-0534a61784c4	submitted
C02	6	https://grok.com/imagine/post/f7890f07-7bb4-45d2-81b0-00b2308d240c?conversation=8a23eff8-2981-429c-b98b-ccd255548a3f	submitted
C03	6	https://grok.com/imagine/post/39287841-52b6-48a4-a3ee-144f8b4b4023?conversation=ec644427-19ee-4f56-8a8a-5170c6fa1942	submitted
C04	6	https://grok.com/imagine/post/36521d29-13f2-442e-8ef7-0387fbfcd5da?conversation=e0f7eaf1-55c0-4191-b550-0307d781909e	submitted
C08	6	https://grok.com/imagine/post/e3feb263-ee0d-4ff4-93b0-abab42eb3efb?conversation=7a1ce445-ebb0-4eea-9262-4620431b04d0	submitted
C11	6	https://grok.com/imagine/post/3942a220-81cf-4a67-87a3-57e0819ccac5?conversation=dfcb1dc9-3053-4aef-97eb-8e83e8e10761	submitted
C12	6	https://grok.com/imagine/post/9709b0af-e478-4376-b0f7-026c1427eec2?conversation=611bde04-6cc9-411a-b7b0-f00b0b098878	submitted
C14	6	https://grok.com/imagine/post/8949dfaf-d25a-4cdd-afe7-781171d57458?conversation=68d825e0-a20a-4be5-8228-7b18c715b32a	submitted
C15	6	https://grok.com/imagine/post/e2e9cc6d-fa53-44a5-947b-8b48702e0285?conversation=b5410ce4-8738-4969-8eda-fa7ad5030d20	submitted
C17	6	https://grok.com/imagine/post/64a33d87-5a70-4b49-9296-1e69ef103849?conversation=7b6425b4-b970-4c37-b5f9-a89e5e7d99d2	submitted
C19	6	https://grok.com/imagine/post/0345c5fd-be48-4e17-b0e2-54c0b99f3af0?conversation=2986e584-7eb3-4f40-bc8d-6b16d4832e49	submitted
C21	6	https://grok.com/imagine/post/4e56d2ba-a082-41b6-963b-b24118db50c8?conversation=cb7672e5-bbac-429f-92d8-51ff3d176392	submitted
C22	6	https://grok.com/imagine/post/4e33ea07-6e7e-4c98-9dc4-6aec23c5badb?conversation=f20719e3-3c4d-40d6-b835-b9a78bb31bab	submitted
C24	6	https://grok.com/imagine/post/940d5238-4614-4351-9226-44a8d6d4ac58?conversation=d3573d5b-16b0-4bd6-ac36-82935871b57e	submitted
C25	6	https://grok.com/imagine/post/3b87821d-4939-4381-9871-0f891382c5cd?conversation=ed1d9118-469d-4e30-8035-bef054379fed	submitted
C26	6	https://grok.com/imagine/post/b1a72b01-c8d1-4b48-ba1c-f440440ac3f2?conversation=068cd187-1636-4841-b762-09dbb47d7b05	submitted
C27	6	https://grok.com/imagine/post/d649aa25-a90e-462c-9576-60ce02981ae9?conversation=3eca0c5e-8929-4d07-b606-7d436e4e8e21	submitted
C29	6	https://grok.com/imagine/post/4a5fdda9-3acd-455c-a888-dbccd24a1553?conversation=8a871450-1052-4b9a-8b38-124fab54e2a7	submitted
C30	6	https://grok.com/imagine/post/d8db3de4-2f4f-4d95-a405-a76e9237d1bd?conversation=ee014e7b-9659-4c05-b6c1-5d1ffaa7efa8	submitted
C31	6	https://grok.com/imagine/post/f660b110-45a2-4598-a9ca-1b1f12afa287?conversation=0d7482f5-39c4-461f-a940-89dacdfd626b	submitted
C32	6	https://grok.com/imagine/post/baaf1c84-e68f-4597-81fc-b3815918f945?conversation=d299b59d-df17-443e-9c1a-df64d810eeb0	submitted
C37	6	https://grok.com/imagine/post/bf678dee-be3d-4dd8-a138-31118e6f47a6?conversation=0cbaedba-1d9f-4c37-b3e0-1140f7d7dfff	submitted
C38	6	https://grok.com/imagine/post/07f0febb-c337-4db4-bdeb-781834462ea5?conversation=3f35dce8-2eca-4e8c-8f83-8c30f99f2489	submitted
C34	6	https://grok.com/imagine/post/2b9345e4-7df4-4568-bb75-55fff1762041?conversation=c1aea901-9ea7-4078-9ccc-7c45a36c477c	submitted
C35	6	https://grok.com/imagine/post/2cbd93f9-3b85-463f-8d9a-a59a0872cb43?conversation=bf3178e6-3140-4ecc-9916-eb85ce2453e1	submitted
