Scene	Shot	Time	Dur	Beat	Speaker	On-screen	Camera	Image prompt (still)	Grok video prompt (i2v)	Dialogue / VO	SFX & ambience	Music bed	Clip type	Edit / transition	Status
0 Intro	D0	0:00-0:02	2.0s	Disclaimer card 1 (he opens with 2)	(card)	'AI-generated for entertainment.'	static	n/a text card	n/a	-	-	intro sting	CARD	2.0s static, hard cut	todo
0 Intro	D1	0:02-0:03	1.0s	Disclaimer card 2	(card)	'Dinosaurs & events are fictional.'	static	n/a text card	n/a	-	-	intro sting	CARD	1.0s static, hard cut	todo
0 Intro	M01	0:03-0:04	1.0s	Montage open: gate flash	HOST-VO (Dee)	Quick flash of the 'DINO ZOO' gate, crowd pouring in	quick flash	16:9, photorealistic documentary photography, zoo photography, wildlife photography style, DINO ZOO (modern open-air dinosaur theme park, round green logo, yellow-black hazard signs, khaki rangers): 'DINO ZOO' wooden gate, green logo, families streaming in; natural realistic daylight, natural colors, balanced shadows, realistic skin textures and accurate anatomy and proportions, grounded and believable, real-world scale and perspective, clear focus on the main subject, non-cinematic, Discovery Channel realism; no text or captions, no fog, no movie-style color grading.	"Cam: fast flash. Move: crowd pours through gate. Env: real zoo doc, flat daylight, no cinematic/fog. Sound: gate crowd, sting. Dialogue: HOST-VO: ""Hey guys, it's D again. Last time I barely survived the Jurassic Zoo."". Style: non-cinematic, grounded, exact-env-match, 16:9."	"HOST-VO: ""Hey guys, it's D again. Last time I barely survived the Jurassic Zoo."""	crowd	upbeat→tense	GEN	0.8-1.0s flash, hard cut	still
0 Intro	M02	0:04-0:05	0.6s	Flash: carno slams glass	HOST-VO (Dee)	0.6s: Carnotaurus slams the glass	(trim of S16 (Carno charge))	(trim of S16 (Carno charge) - NO new generation)	(trim of S16 (Carno charge))	(VO continues)	glass BANG	tense montage	TRIM	0.6s flash	todo
0 Intro	M03	0:05-0:06	0.7s	Flash: Spino splash	HOST-VO (Dee)	0.7s: Spinosaurus splash hits lens	(trim of S21 (Spino lunge))	(trim of S21 (Spino lunge) - NO new generation)	(trim of S21 (Spino lunge))	(VO continues)	splash	tense montage	TRIM	0.7s flash	todo
0 Intro	M04	0:06-0:07	0.6s	Flash: Quetz swoop	HOST-VO (Dee)	0.6s: pterosaur swoops the crowd	(trim of S31 (Quetz swoop))	(trim of S31 (Quetz swoop) - NO new generation)	(trim of S31 (Quetz swoop))	"HOST-VO: ""This time I snuck back in..."""	wing whoosh	tense montage	TRIM	0.6s flash	todo
0 Intro	M05	0:07-0:08	0.7s	Flash: Mosa breach	HOST-VO (Dee)	0.7s: Mosasaurus breaches the tank	(trim of S45 (Mosa breach))	(trim of S45 (Mosa breach) - NO new generation)	(trim of S45 (Mosa breach))	(VO continues)	breach	tense montage	TRIM	0.7s flash	todo
0 Intro	M06	0:08-0:09	0.6s	Flash: T-Rex roar	HOST-VO (Dee)	0.6s: T-Rex head roars at fence	(trim of S50 (T-Rex head))	(trim of S50 (T-Rex head) - NO new generation)	(trim of S50 (T-Rex head))	"HOST-VO: ""...and saw unrealistic dinosaurs no one has ever seen before."""	roar	tense montage	TRIM	0.6s flash	todo
0 Intro	M07	0:09-0:10	0.5s	Flash: hybrid eye	HOST-VO (Dee)	0.5s: the hybrid's glowing orange eye in the dark	(trim of S56 (Hybrid reveal))	(trim of S56 (Hybrid reveal) - NO new generation)	(trim of S56 (Hybrid reveal))	(VO continues)	low growl	tense montage	TRIM	0.5s flash	todo
0 Intro	M08	0:10-0:11	0.6s	Flash: red alarm	HOST-VO (Dee)	0.6s: red containment alarm floods the lab	(trim of S60 (Alarm))	(trim of S60 (Alarm) - NO new generation)	(trim of S60 (Alarm))	"HOST-VO: ""But one incident..."""	alarm	tense montage	TRIM	0.6s flash	todo
0 Intro	M09	0:11-0:12	0.5s	Flash: glass bursts	HOST-VO (Dee)	0.5s: the cell glass explodes	(trim of S61 (Glass bursts))	(trim of S61 (Glass bursts) - NO new generation)	(trim of S61 (Glass bursts))	(VO continues)	shatter	tense montage	TRIM	0.5s flash	todo
0 Intro	M10	0:12-0:13	0.7s	Flash: crowd panic	HOST-VO (Dee)	0.7s: crowd flooding the exits in panic	(trim of S62 (Evacuate))	(trim of S62 (Evacuate) - NO new generation)	(trim of S62 (Evacuate))	"HOST-VO: ""...shut the whole park down forever."""	screams, alarm	tense montage	TRIM	0.7s flash	todo
0 Intro	M11	0:13-0:14	0.8s	Flash: hybrid smashes gate	HOST-VO (Dee)	0.8s: hybrid bursts the park gate	(trim of S63 (Hybrid loose))	(trim of S63 (Hybrid loose) - NO new generation)	(trim of S63 (Hybrid loose))	(VO continues)	gate crash, roar	tense montage	TRIM	0.8s flash	todo
0 Intro	M12	0:14-0:15	0.7s	Flash: the chase	HOST-VO (Dee)	0.7s: POV sprinting, hybrid behind	(trim of S64 (Chase))	(trim of S64 (Chase) - NO new generation)	(trim of S64 (Chase))	(VO continues)	pounding, roar	tense montage	TRIM	0.7s flash	todo
0 Intro	M13	0:14-0:15	0.6s	Flash: Therizino claws	HOST-VO (Dee)	0.6s: huge claws shred a feeder	(trim of Therizinosaurus action)	(trim of Therizinosaurus action - NO new generation)	(trim of Therizinosaurus action)	(VO continues)	shred	tense montage	TRIM	0.6s flash	todo
0 Intro	M14	0:15-0:16	0.6s	Flash: raptor pack bolt	HOST-VO (Dee)	0.6s: raptors bolt the fence in sync	(trim of Velociraptor action)	(trim of Velociraptor action - NO new generation)	(trim of Velociraptor action)	(VO continues)	chitter	tense montage	TRIM	0.6s flash	todo
0 Intro	M15	0:16-0:17	0.7s	Flash: sauropod scale	HOST-VO (Dee)	0.7s: tilt up a towering Brachiosaurus	(trim of Sauropod scale)	(trim of Sauropod scale - NO new generation)	(trim of Sauropod scale)	(VO continues)	low rumble	tense montage	TRIM	0.7s flash	todo
0 Intro	M16	0:17-0:18	0.6s	Flash: hybrid lunges glass	HOST-VO (Dee)	0.6s: the hybrid lunges at the cracking glass	(trim of Hybrid lunge)	(trim of Hybrid lunge - NO new generation)	(trim of Hybrid lunge)	"HOST-VO: ""...you won't believe it."""	glass creak	tense montage	TRIM	0.6s flash	todo
0 Intro	M17	0:18-0:19	1.0s	Flash: rescue tease	HOST-VO (Dee)	1.0s: distant Blackhawk helicopters inbound over the burning park at dusk	(trim of S71 (choppers inbound))	(trim of S71 (choppers inbound) - NO new generation)	(trim of S71 (choppers inbound))	"HOST-VO: ""Stick till the end."""	distant rotors (faint)	sting	TRIM	1.0s flash, slowest of montage	todo
0 Intro	S00	0:16-0:18	2.0s	Smash to title	HOST-VO (Dee)	Near-black, ember particles, 'DINO ZOO' title bug	static	16:9, photorealistic documentary photography, zoo photography, wildlife photography style, DINO ZOO (modern open-air dinosaur theme park, round green logo, yellow-black hazard signs, khaki rangers): near-black w/ ember particles, faint red glow (title in edit); natural realistic daylight, natural colors, balanced shadows, realistic skin textures and accurate anatomy and proportions, grounded and believable, real-world scale and perspective, clear focus on the main subject, non-cinematic, Discovery Channel realism; no text or captions, no fog, no movie-style color grading.	Cam: static. Move: embers drift. Env: real zoo doc, flat daylight, no cinematic/fog. Sound: low boom. Dialogue: -. Style: non-cinematic, grounded, exact-env-match, 16:9.	-	low sub boom	silence bed	GEN	Title overlay, hard cut to entry	still
1 Entry	S01	0:18-0:24	6s	Re-intro selfie at gate	HOST-VO (Dee)	'DINO ZOO' gate, Dee selfie-POV, crowds entering	slow push-in	16:9, photorealistic documentary photography, zoo photography, wildlife photography style, DINO ZOO (modern open-air dinosaur theme park, round green logo, yellow-black hazard signs, khaki rangers): large wooden 'DINO ZOO' gate, round green logo, families entering, Dee (30s grey tee) selfie-POV; natural realistic daylight, natural colors, balanced shadows, realistic skin textures and accurate anatomy and proportions, grounded and believable, real-world scale and perspective, clear focus on the main subject, non-cinematic, Discovery Channel realism; no text or captions, no fog, no movie-style color grading.	"Cam: slow push-in, sway. Move: Dee walks to gate; crowd enters. Env: real zoo doc, flat daylight, no cinematic/fog. Sound: cheerful crowd, birds. Dialogue: HOST-VO: ""Last time I barely survived the Jurassic Zoo... this time I'm going deeper."". Style: non-cinematic, grounded, exact-env-match, 16:9."	"HOST-VO: ""Last time I barely survived the Jurassic Zoo... this time I'm going deeper."""	-	upbeat doc bed IN	GEN	Hard cut from title	still
1 Entry	S02	0:24-0:30	6s	Ticket discount gag (verbatim)	DEE / STAFF / MAYA	Ticket booth, Lena inside, POV hand slides ticket, Maya beside	locked, sway	16:9, photorealistic documentary photography, zoo photography, wildlife photography style, DINO ZOO (modern open-air dinosaur theme park, round green logo, yellow-black hazard signs, khaki rangers): [LENA][MAYA] wooden DINO ZOO ticket booth, Lena leans out smiling, POV hand slides a ticket; natural realistic daylight, natural colors, balanced shadows, realistic skin textures and accurate anatomy and proportions, grounded and believable, real-world scale and perspective, clear focus on the main subject, non-cinematic, Discovery Channel realism; no text or captions, no fog, no movie-style color grading.	"Cam: locked sway. Move: Lena gestures; Maya beside. Env: real zoo doc, flat daylight, no cinematic/fog. Sound: booth, crowd. Dialogue: Dee: ""Can I get a discount?""  Staff: ""No, it's the same for everyone.""  Maya: ""Sad, but okay."". Style: non-cinematic, grounded, exact-env-match, 16:9."	"Dee: ""Can I get a discount?""  Staff: ""No, it's the same for everyone.""  Maya: ""Sad, but okay."""	-	upbeat doc bed	GEN	Hard cut	still
1 Entry	S03	0:30-0:36	6s	Crowd + mystery plant	DEE / MAYA	Busy plaza + painted park map, crowd flowing one way	walk-through	16:9, photorealistic documentary photography, zoo photography, wildlife photography style, DINO ZOO (modern open-air dinosaur theme park, round green logo, yellow-black hazard signs, khaki rangers): [MAYA] POV through plaza past a large painted 'PARK MAP' board, big crowd flowing toward enclosures; natural realistic daylight, natural colors, balanced shadows, realistic skin textures and accurate anatomy and proportions, grounded and believable, real-world scale and perspective, clear focus on the main subject, non-cinematic, Discovery Channel realism; no text or captions, no fog, no movie-style color grading.	"Cam: walk-through. Move: walk forward; crowd flows. Env: real zoo doc, flat daylight, no cinematic/fog. Sound: crowd, birds. Dialogue: Dee: ""There's quite a crowd today. Looks like they're here to see something special."". Style: non-cinematic, grounded, exact-env-match, 16:9."	"Dee: ""There's quite a crowd today. Looks like they're here to see something special."""	-	upbeat doc bed	GEN	Hard cut	still
1 Entry	S03b	0:36-0:39	3s	The plant: teens slip into the hybrid door	DEE / MAYA	Two teenagers slipping through a 'HYBRID - STAFF ONLY' service door	locked, candid	16:9, photorealistic documentary photography, zoo photography, wildlife photography style, DINO ZOO (modern open-air dinosaur theme park, round green logo, yellow-black hazard signs, khaki rangers): two teenagers glancing around and slipping through a heavy service door stenciled 'HYBRID - STAFF ONLY' with yellow-black hazard stripes, tucked in a quiet corner of the park; natural realistic daylight, natural colors, balanced shadows, realistic skin textures and accurate anatomy and proportions, grounded and believable, real-world scale and perspective, clear focus on the main subject, non-cinematic, Discovery Channel realism; no text or captions, no fog, no movie-style color grading.	Cam: locked candid. Move: teens glance around; push through the door. Env: real zoo doc, flat daylight, no cinematic/fog. Sound: quiet crowd, a latch click. Dialogue: -. Style: non-cinematic, grounded, exact-env-match, 16:9.	-	-	unsettling doc bed	GEN	Hard cut	still
1 Entry	S03c	0:39-0:42	3s	The plant: 'that's weird'	DEE / MAYA	POV: the staff door easing shut; Maya glancing back	handheld	16:9, photorealistic documentary photography, zoo photography, wildlife photography style, DINO ZOO (modern open-air dinosaur theme park, round green logo, yellow-black hazard signs, khaki rangers): [MAYA] first-person POV catching a heavy 'HYBRID - STAFF ONLY' service door easing shut, Maya beside glancing back over her shoulder, curious; natural realistic daylight, natural colors, balanced shadows, realistic skin textures and accurate anatomy and proportions, grounded and believable, real-world scale and perspective, clear focus on the main subject, non-cinematic, Discovery Channel realism; no text or captions, no fog, no movie-style color grading.	"Cam: handheld. Move: door eases shut; Maya glances back. Env: real zoo doc, flat daylight, no cinematic/fog. Sound: quiet crowd. Dialogue: Maya: ""...that's weird.""  Dee: ""Eh. Come on."". Style: non-cinematic, grounded, exact-env-match, 16:9."	"Maya: ""...that's weird.""  Dee: ""Eh. Come on."""	-	unsettling doc bed	GEN	Hard cut	still
2 Carnotaurus	S04	0:36-0:43	6s	Establish + 'DANGER: CARNOTAURUS' sign	MAYA	Tall glass enclosure, yellow DANGER sign, carno paces, crowd	slow tilt up	16:9, photorealistic documentary photography, zoo photography, wildlife photography style, DINO ZOO (modern open-air dinosaur theme park, round green logo, yellow-black hazard signs, khaki rangers): tall glass predator enclosure, yellow-black 'DANGER: CARNOTAURUS' sign, horned Carnotaurus paces behind thick glass, crowd; natural realistic daylight, natural colors, balanced shadows, realistic skin textures and accurate anatomy and proportions, grounded and believable, real-world scale and perspective, clear focus on the main subject, non-cinematic, Discovery Channel realism; no text or captions, no fog, no movie-style color grading.	"Cam: slow tilt up. Move: carno paces; crowd watches. Env: real zoo doc, flat daylight, no cinematic/fog. Sound: crowd murmur, hiss. Dialogue: Maya: ""Are they mad? They put all the dangerous ones together."". Style: non-cinematic, grounded, exact-env-match, 16:9."	"Maya: ""Are they mad? They put all the dangerous ones together."""	-	light doc bed	GEN	Hard cut	still
2 Carnotaurus	S05	+	6s	Narrator fact 1	NARRATOR	Close on horned head + tiny arms	slow push-in	16:9, photorealistic documentary photography, zoo photography, wildlife photography style, DINO ZOO (modern open-air dinosaur theme park, round green logo, yellow-black hazard signs, khaki rangers): close on Carnotaurus horned head & very small arms behind glass, scales in sun; natural realistic daylight, natural colors, balanced shadows, realistic skin textures and accurate anatomy and proportions, grounded and believable, real-world scale and perspective, clear focus on the main subject, non-cinematic, Discovery Channel realism; no text or captions, no fog, no movie-style color grading.	"Cam: slow push-in. Move: subject slow move, blink. Env: real zoo doc, flat daylight, no cinematic/fog. Sound: low call, crowd. Dialogue: NARRATOR: ""Carnotaurus used its horns to fight other Carnotaurus for territory and mating - and had some of the smallest arms of any large theropod."". Style: non-cinematic, grounded, exact-env-match, 16:9."	"NARRATOR: ""Carnotaurus used its horns to fight other Carnotaurus for territory and mating - and had some of the smallest arms of any large theropod."""	-	light doc bed	GEN	Hard cut	still
2 Carnotaurus	S06	+	6s	Companion beat	COMPANION	Maya at the glass grinning, gesturing at the carno's arms	handheld	16:9, photorealistic documentary photography, zoo photography, wildlife photography style, DINO ZOO (modern open-air dinosaur theme park, round green logo, yellow-black hazard signs, khaki rangers): [MAYA] Maya at the glass grinning, gesturing at the carno's arms; natural realistic daylight, natural colors, balanced shadows, realistic skin textures and accurate anatomy and proportions, grounded and believable, real-world scale and perspective, clear focus on the main subject, non-cinematic, Discovery Channel realism; no text or captions, no fog, no movie-style color grading.	"Cam: handheld. Move: Maya reacts; Dee beside. Env: real zoo doc, flat daylight, no cinematic/fog. Sound: crowd, light laugh. Dialogue: Dee: ""Even smaller than the T-Rex's. Don't tell him.""  Maya: ""Cool."". Style: non-cinematic, grounded, exact-env-match, 16:9."	"Dee: ""Even smaller than the T-Rex's. Don't tell him.""  Maya: ""Cool."""	-	light doc bed	GEN	Hard cut	still
2 Carnotaurus	S07	+	6s	Action beat	MAYA	Carno charges & slams the glass; crowd recoils	dynamic	16:9, photorealistic documentary photography, zoo photography, wildlife photography style, DINO ZOO (modern open-air dinosaur theme park, round green logo, yellow-black hazard signs, khaki rangers): [MAYA] Carnotaurus charges & slams thick glass, crowd jerks back, Maya flinches; natural realistic daylight, natural colors, balanced shadows, realistic skin textures and accurate anatomy and proportions, grounded and believable, real-world scale and perspective, clear focus on the main subject, non-cinematic, Discovery Channel realism; no text or captions, no fog, no movie-style color grading.	"Cam: dynamic. Move: carno slams glass; crowd recoils. Env: real zoo doc, flat daylight, no cinematic/fog. Sound: heavy glass BANG, screams. Dialogue: Maya: ""NOPE."". Style: non-cinematic, grounded, exact-env-match, 16:9."	"Maya: ""NOPE."""	glass BANG SFX	light doc bed	GEN	Hard cut, SFX	still
2 Carnotaurus	S08	+	6s	Narrator fact 2	NARRATOR	Wide of carno snorting in dusty enclosure	slow pan	16:9, photorealistic documentary photography, zoo photography, wildlife photography style, DINO ZOO (modern open-air dinosaur theme park, round green logo, yellow-black hazard signs, khaki rangers): Wide of carno snorting in dusty enclosure; natural realistic daylight, natural colors, balanced shadows, realistic skin textures and accurate anatomy and proportions, grounded and believable, real-world scale and perspective, clear focus on the main subject, non-cinematic, Discovery Channel realism; no text or captions, no fog, no movie-style color grading.	"Cam: slow pan. Move: subject behaviour. Env: real zoo doc, flat daylight, no cinematic/fog. Sound: low call, crowd. Dialogue: NARRATOR: ""It usually lived alone and could reach about 25 years.. Style: non-cinematic, grounded, exact-env-match, 16:9."	"NARRATOR: ""It usually lived alone and could reach about 25 years."	-	light doc bed	GEN	Hard cut	still
2 Carnotaurus	S09	+	6s	Rival CTA (flywheel)	NARRATOR / DEE	POV toward WETLANDS ->	walking POV	16:9, photorealistic documentary photography, zoo photography, wildlife photography style, DINO ZOO (modern open-air dinosaur theme park, round green logo, yellow-black hazard signs, khaki rangers): [MAYA] POV past a wooden 'WETLANDS ->' sign, Maya beside, greenery; natural realistic daylight, natural colors, balanced shadows, realistic skin textures and accurate anatomy and proportions, grounded and believable, real-world scale and perspective, clear focus on the main subject, non-cinematic, Discovery Channel realism; no text or captions, no fog, no movie-style color grading.	"Cam: walking POV. Move: walk past sign. Env: real zoo doc, flat daylight, no cinematic/fog. Sound: footsteps, crowd, birds. Dialogue: NARRATOR: Who was the actual rival of Carnotaurus? I'll let YOU answer.""  Dee: ""Comments."". Style: non-cinematic, grounded, exact-env-match, 16:9."	"NARRATOR: Who was the actual rival of Carnotaurus? I'll let YOU answer.""  Dee: ""Comments."""	-	light doc bed	GEN	Hard cut (CTA)	still
3 Spinosaurus	S10	0:43-0:50	6s	Establish + Boardwalk over lagoon	STAFF (Ranger)	Boardwalk over green lagoon, huge sail-backed Spinosaurus wading, tourists	slow reveal pan	16:9, photorealistic documentary photography, zoo photography, wildlife photography style, DINO ZOO (modern open-air dinosaur theme park, round green logo, yellow-black hazard signs, khaki rangers): wooden boardwalk over wide green lagoon, massive sail-backed Spinosaurus wading, tourists at rail; natural realistic daylight, natural colors, balanced shadows, realistic skin textures and accurate anatomy and proportions, grounded and believable, real-world scale and perspective, clear focus on the main subject, non-cinematic, Discovery Channel realism; no text or captions, no fog, no movie-style color grading.	"Cam: slow reveal pan. Move: Spino slow heavy wade, water displaces. Env: real zoo doc, flat daylight, no cinematic/fog. Sound: water, deep rumble, crowd, birds. Dialogue: Staff: ""Please keep a safe distance - Spinosaurus reacts quickly to movement."". Style: non-cinematic, grounded, exact-env-match, 16:9."	"Staff: ""Please keep a safe distance - Spinosaurus reacts quickly to movement."""	-	light doc bed	GEN	Hard cut	clip
3 Spinosaurus	S11	+	6s	Narrator fact 1	NARRATOR	Close on the crocodile jaws + sail	slow push-in	16:9, photorealistic documentary photography, zoo photography, wildlife photography style, DINO ZOO (modern open-air dinosaur theme park, round green logo, yellow-black hazard signs, khaki rangers): close on Spinosaurus long narrow crocodile jaws & tall sail, water dripping, sun; natural realistic daylight, natural colors, balanced shadows, realistic skin textures and accurate anatomy and proportions, grounded and believable, real-world scale and perspective, clear focus on the main subject, non-cinematic, Discovery Channel realism; no text or captions, no fog, no movie-style color grading.	"Cam: slow push-in. Move: subject slow move, blink. Env: real zoo doc, flat daylight, no cinematic/fog. Sound: low call, crowd. Dialogue: NARRATOR: ""Spinosaurus mainly ate fish - occasionally crocodiles and small dinosaurs - and likely ate 70 to 150 kg of food a day."". Style: non-cinematic, grounded, exact-env-match, 16:9."	"NARRATOR: ""Spinosaurus mainly ate fish - occasionally crocodiles and small dinosaurs - and likely ate 70 to 150 kg of food a day."""	-	light doc bed	GEN	Hard cut	clip
3 Spinosaurus	S12	+	6s	Companion beat	COMPANION	Maya at the rail eyeing the Spinosaurus, impressed	handheld	16:9, photorealistic documentary photography, zoo photography, wildlife photography style, DINO ZOO (modern open-air dinosaur theme park, round green logo, yellow-black hazard signs, khaki rangers): [MAYA] Maya at the rail eyeing the Spinosaurus, impressed; natural realistic daylight, natural colors, balanced shadows, realistic skin textures and accurate anatomy and proportions, grounded and believable, real-world scale and perspective, clear focus on the main subject, non-cinematic, Discovery Channel realism; no text or captions, no fog, no movie-style color grading.	"Cam: handheld. Move: Maya reacts; Dee beside. Env: real zoo doc, flat daylight, no cinematic/fog. Sound: crowd, light laugh. Dialogue: Maya: ""Bigger than a T-Rex? In a swimming pool?""  Dee: ""Basically."". Style: non-cinematic, grounded, exact-env-match, 16:9."	"Maya: ""Bigger than a T-Rex? In a swimming pool?""  Dee: ""Basically."""	-	light doc bed	GEN	Hard cut	clip
3 Spinosaurus	S13	+	6s	Action beat	MAYA	Spino lunges, snaps a fish, splash hits lens	dynamic	16:9, photorealistic documentary photography, zoo photography, wildlife photography style, DINO ZOO (modern open-air dinosaur theme park, round green logo, yellow-black hazard signs, khaki rangers): [MAYA] Spinosaurus lunges & snaps a fish, big splash hits camera, Maya soaked & laughing; natural realistic daylight, natural colors, balanced shadows, realistic skin textures and accurate anatomy and proportions, grounded and believable, real-world scale and perspective, clear focus on the main subject, non-cinematic, Discovery Channel realism; no text or captions, no fog, no movie-style color grading.	"Cam: dynamic. Move: one heavy lunge+snap, big splash. Env: real zoo doc, flat daylight, no cinematic/fog. Sound: huge splash, crowd cheer. Dialogue: Maya (soaked): ""I'm soaked. Worth it."". Style: non-cinematic, grounded, exact-env-match, 16:9."	"Maya (soaked): ""I'm soaked. Worth it."""	big splash SFX	light doc bed	GEN	Hard cut, SFX	clip
3 Spinosaurus	S14	+	6s	Narrator fact 2	NARRATOR	Wide, only the sail cutting the water	slow pan	16:9, photorealistic documentary photography, zoo photography, wildlife photography style, DINO ZOO (modern open-air dinosaur theme park, round green logo, yellow-black hazard signs, khaki rangers): Wide, only the sail cutting the water; natural realistic daylight, natural colors, balanced shadows, realistic skin textures and accurate anatomy and proportions, grounded and believable, real-world scale and perspective, clear focus on the main subject, non-cinematic, Discovery Channel realism; no text or captions, no fog, no movie-style color grading.	"Cam: slow pan. Move: subject behaviour. Env: real zoo doc, flat daylight, no cinematic/fog. Sound: low call, crowd. Dialogue: NARRATOR: ""Some think young Spinosaurus spent more time on land - still debated.. Style: non-cinematic, grounded, exact-env-match, 16:9."	"NARRATOR: ""Some think young Spinosaurus spent more time on land - still debated."	-	light doc bed	GEN	Hard cut	clip
3 Spinosaurus	S15	+	6s	Rival CTA (flywheel)	NARRATOR / DEE	POV toward FOREST ->	walking POV	16:9, photorealistic documentary photography, zoo photography, wildlife photography style, DINO ZOO (modern open-air dinosaur theme park, round green logo, yellow-black hazard signs, khaki rangers): [MAYA] POV past a wooden 'FOREST ->' sign, Maya beside, greenery; natural realistic daylight, natural colors, balanced shadows, realistic skin textures and accurate anatomy and proportions, grounded and believable, real-world scale and perspective, clear focus on the main subject, non-cinematic, Discovery Channel realism; no text or captions, no fog, no movie-style color grading.	"Cam: walking POV. Move: walk past sign. Env: real zoo doc, flat daylight, no cinematic/fog. Sound: footsteps, crowd, birds. Dialogue: NARRATOR: Its possible rival was Carcharodontosaurus - what do you think?""  Dee: ""Comments."". Style: non-cinematic, grounded, exact-env-match, 16:9."	"NARRATOR: Its possible rival was Carcharodontosaurus - what do you think?""  Dee: ""Comments."""	-	light doc bed	GEN	Hard cut (CTA)	clip
4 Therizinosaurus	S16	0:50-0:57	6s	Establish + Forest paddock	MAYA	Forest paddock, Therizinosaurus with huge claws among trees, crowd	slow pan	16:9, photorealistic documentary photography, zoo photography, wildlife photography style, DINO ZOO (modern open-air dinosaur theme park, round green logo, yellow-black hazard signs, khaki rangers): sunny forest paddock, tall feathered Therizinosaurus with enormous curved claws browsing leaves, crowd at rail; natural realistic daylight, natural colors, balanced shadows, realistic skin textures and accurate anatomy and proportions, grounded and believable, real-world scale and perspective, clear focus on the main subject, non-cinematic, Discovery Channel realism; no text or captions, no fog, no movie-style color grading.	"Cam: slow pan. Move: Therizino reaches for leaves; claws sway. Env: real zoo doc, flat daylight, no cinematic/fog. Sound: crowd, leaves, low call. Dialogue: Maya: ""Those claws look terrifying."". Style: non-cinematic, grounded, exact-env-match, 16:9."	"Maya: ""Those claws look terrifying."""	-	light doc bed	GEN	Hard cut	still
4 Therizinosaurus	S17	+	6s	Narrator fact 1	NARRATOR	Close on the claws raking bark	slow push-in	16:9, photorealistic documentary photography, zoo photography, wildlife photography style, DINO ZOO (modern open-air dinosaur theme park, round green logo, yellow-black hazard signs, khaki rangers): close on Therizinosaurus claws raking bark, feathers catching sun; natural realistic daylight, natural colors, balanced shadows, realistic skin textures and accurate anatomy and proportions, grounded and believable, real-world scale and perspective, clear focus on the main subject, non-cinematic, Discovery Channel realism; no text or captions, no fog, no movie-style color grading.	"Cam: slow push-in. Move: subject slow move, blink. Env: real zoo doc, flat daylight, no cinematic/fog. Sound: low call, crowd. Dialogue: NARRATOR: ""Movies made Therizinosaurus look like a pure predator - but it was probably mostly herbivorous."". Style: non-cinematic, grounded, exact-env-match, 16:9."	"NARRATOR: ""Movies made Therizinosaurus look like a pure predator - but it was probably mostly herbivorous."""	-	light doc bed	GEN	Hard cut	still
4 Therizinosaurus	S18	+	6s	Companion beat	COMPANION	Maya staring up at the huge claws, nervous	handheld	16:9, photorealistic documentary photography, zoo photography, wildlife photography style, DINO ZOO (modern open-air dinosaur theme park, round green logo, yellow-black hazard signs, khaki rangers): [MAYA] Maya staring up at the huge claws, nervous; natural realistic daylight, natural colors, balanced shadows, realistic skin textures and accurate anatomy and proportions, grounded and believable, real-world scale and perspective, clear focus on the main subject, non-cinematic, Discovery Channel realism; no text or captions, no fog, no movie-style color grading.	"Cam: handheld. Move: Maya reacts; Dee beside. Env: real zoo doc, flat daylight, no cinematic/fog. Sound: crowd, light laugh. Dialogue: Dee: ""And it still mostly ate plants.""  Maya: ""Respect."". Style: non-cinematic, grounded, exact-env-match, 16:9."	"Dee: ""And it still mostly ate plants.""  Maya: ""Respect."""	-	light doc bed	GEN	Hard cut	still
4 Therizinosaurus	S19	+	6s	Action beat	CROWD	It swings its claws, shredding a hanging melon feeder	dynamic	16:9, photorealistic documentary photography, zoo photography, wildlife photography style, DINO ZOO (modern open-air dinosaur theme park, round green logo, yellow-black hazard signs, khaki rangers): [MAYA] Therizinosaurus swings its claws and shreds a hanging melon feeder, pulp flying, crowd gasps; natural realistic daylight, natural colors, balanced shadows, realistic skin textures and accurate anatomy and proportions, grounded and believable, real-world scale and perspective, clear focus on the main subject, non-cinematic, Discovery Channel realism; no text or captions, no fog, no movie-style color grading.	"Cam: dynamic. Move: claws swing; feeder shreds. Env: real zoo doc, flat daylight, no cinematic/fog. Sound: shred, crowd gasp. Dialogue: Crowd: ""Whoa!"". Style: non-cinematic, grounded, exact-env-match, 16:9."	"Crowd: ""Whoa!"""	shred SFX	light doc bed	GEN	Hard cut, SFX	still
4 Therizinosaurus	S20	+	6s	Narrator fact 2	NARRATOR	Wide, Therizino calm among the trees	slow pan	16:9, photorealistic documentary photography, zoo photography, wildlife photography style, DINO ZOO (modern open-air dinosaur theme park, round green logo, yellow-black hazard signs, khaki rangers): Wide, Therizino calm among the trees; natural realistic daylight, natural colors, balanced shadows, realistic skin textures and accurate anatomy and proportions, grounded and believable, real-world scale and perspective, clear focus on the main subject, non-cinematic, Discovery Channel realism; no text or captions, no fog, no movie-style color grading.	"Cam: slow pan. Move: subject behaviour. Env: real zoo doc, flat daylight, no cinematic/fog. Sound: low call, crowd. Dialogue: NARRATOR: ""Some think baby Therizinosaurus were meaner than adults.. Style: non-cinematic, grounded, exact-env-match, 16:9."	"NARRATOR: ""Some think baby Therizinosaurus were meaner than adults."	-	light doc bed	GEN	Hard cut	still
4 Therizinosaurus	S21	+	6s	Rival CTA (flywheel)	NARRATOR / DEE	POV toward AVIARY ->	walking POV	16:9, photorealistic documentary photography, zoo photography, wildlife photography style, DINO ZOO (modern open-air dinosaur theme park, round green logo, yellow-black hazard signs, khaki rangers): [MAYA] POV past a wooden 'AVIARY ->' sign, Maya beside, greenery; natural realistic daylight, natural colors, balanced shadows, realistic skin textures and accurate anatomy and proportions, grounded and believable, real-world scale and perspective, clear focus on the main subject, non-cinematic, Discovery Channel realism; no text or captions, no fog, no movie-style color grading.	"Cam: walking POV. Move: walk past sign. Env: real zoo doc, flat daylight, no cinematic/fog. Sound: footsteps, crowd, birds. Dialogue: NARRATOR: A likely rival? Tarbosaurus - agree?""  Dee: ""Comments."". Style: non-cinematic, grounded, exact-env-match, 16:9."	"NARRATOR: A likely rival? Tarbosaurus - agree?""  Dee: ""Comments."""	-	light doc bed	GEN	Hard cut (CTA)	still
5 Quetzalcoatlus	S22	0:57-1:04	6s	Establish + Netted aviary dome	CROWD	Vast netted aviary dome, giant Quetzalcoatlus perched & gliding	awe tilt-up	16:9, photorealistic documentary photography, zoo photography, wildlife photography style, DINO ZOO (modern open-air dinosaur theme park, round green logo, yellow-black hazard signs, khaki rangers): interior vast netted aviary dome, tall cliffs, giant Quetzalcoatlus perched & gliding, sun through net, tourists below; natural realistic daylight, natural colors, balanced shadows, realistic skin textures and accurate anatomy and proportions, grounded and believable, real-world scale and perspective, clear focus on the main subject, non-cinematic, Discovery Channel realism; no text or captions, no fog, no movie-style color grading.	"Cam: awe tilt-up. Move: pterosaurs perch & glide. Env: real zoo doc, flat daylight, no cinematic/fog. Sound: echoing screeches, wind, crowd. Dialogue: Crowd: ""WHOA!"". Style: non-cinematic, grounded, exact-env-match, 16:9."	"Crowd: ""WHOA!"""	-	light doc bed	GEN	Hard cut	still
5 Quetzalcoatlus	S23	+	6s	Narrator fact 1	NARRATOR	One spreads enormous wings on a cliff	slow push-in	16:9, photorealistic documentary photography, zoo photography, wildlife photography style, DINO ZOO (modern open-air dinosaur theme park, round green logo, yellow-black hazard signs, khaki rangers): Quetzalcoatlus on a cliff ledge spreads enormous wings, backlit through the net; natural realistic daylight, natural colors, balanced shadows, realistic skin textures and accurate anatomy and proportions, grounded and believable, real-world scale and perspective, clear focus on the main subject, non-cinematic, Discovery Channel realism; no text or captions, no fog, no movie-style color grading.	"Cam: slow push-in. Move: subject slow move, blink. Env: real zoo doc, flat daylight, no cinematic/fog. Sound: low call, crowd. Dialogue: NARRATOR: ""Did you know baby Quetzalcoatlus could start flying just minutes after hatching?"". Style: non-cinematic, grounded, exact-env-match, 16:9."	"NARRATOR: ""Did you know baby Quetzalcoatlus could start flying just minutes after hatching?"""	-	light doc bed	GEN	Hard cut	still
5 Quetzalcoatlus	S24	+	6s	Companion beat	COMPANION	Maya tilting her head all the way back, stunned	handheld	16:9, photorealistic documentary photography, zoo photography, wildlife photography style, DINO ZOO (modern open-air dinosaur theme park, round green logo, yellow-black hazard signs, khaki rangers): [MAYA] Maya tilting her head all the way back, stunned; natural realistic daylight, natural colors, balanced shadows, realistic skin textures and accurate anatomy and proportions, grounded and believable, real-world scale and perspective, clear focus on the main subject, non-cinematic, Discovery Channel realism; no text or captions, no fog, no movie-style color grading.	"Cam: handheld. Move: Maya reacts; Dee beside. Env: real zoo doc, flat daylight, no cinematic/fog. Sound: crowd, light laugh. Dialogue: Maya: ""That's a dragon. That's just a dragon.""  Dee: ""No way."". Style: non-cinematic, grounded, exact-env-match, 16:9."	"Maya: ""That's a dragon. That's just a dragon.""  Dee: ""No way."""	-	light doc bed	GEN	Hard cut	still
5 Quetzalcoatlus	S25	+	6s	Action beat	CROWD	A pterosaur swoops low; people duck	dynamic	16:9, photorealistic documentary photography, zoo photography, wildlife photography style, DINO ZOO (modern open-air dinosaur theme park, round green logo, yellow-black hazard signs, khaki rangers): giant Quetzalcoatlus swoops low over the crowd, tourists duck, wind rush; natural realistic daylight, natural colors, balanced shadows, realistic skin textures and accurate anatomy and proportions, grounded and believable, real-world scale and perspective, clear focus on the main subject, non-cinematic, Discovery Channel realism; no text or captions, no fog, no movie-style color grading.	"Cam: dynamic. Move: pterosaur swoops; crowd ducks. Env: real zoo doc, flat daylight, no cinematic/fog. Sound: loud wing-whoosh, shouts. Dialogue: Crowd: ""DUCK!"". Style: non-cinematic, grounded, exact-env-match, 16:9."	"Crowd: ""DUCK!"""	whoosh SFX	light doc bed	GEN	Hard cut, SFX	still
5 Quetzalcoatlus	S26	+	6s	Narrator fact 2	NARRATOR	Wide, two pterosaurs circling the dome	slow pan	16:9, photorealistic documentary photography, zoo photography, wildlife photography style, DINO ZOO (modern open-air dinosaur theme park, round green logo, yellow-black hazard signs, khaki rangers): Wide, two pterosaurs circling the dome; natural realistic daylight, natural colors, balanced shadows, realistic skin textures and accurate anatomy and proportions, grounded and believable, real-world scale and perspective, clear focus on the main subject, non-cinematic, Discovery Channel realism; no text or captions, no fog, no movie-style color grading.	"Cam: slow pan. Move: subject behaviour. Env: real zoo doc, flat daylight, no cinematic/fog. Sound: low call, crowd. Dialogue: NARRATOR: ""They lived around 20 to 30 years.. Style: non-cinematic, grounded, exact-env-match, 16:9."	"NARRATOR: ""They lived around 20 to 30 years."	-	light doc bed	GEN	Hard cut	still
5 Quetzalcoatlus	S27	+	6s	Rival CTA (flywheel)	NARRATOR / DEE	POV toward RAPTORS ->	walking POV	16:9, photorealistic documentary photography, zoo photography, wildlife photography style, DINO ZOO (modern open-air dinosaur theme park, round green logo, yellow-black hazard signs, khaki rangers): [MAYA] POV past a wooden 'RAPTORS ->' sign, Maya beside, greenery; natural realistic daylight, natural colors, balanced shadows, realistic skin textures and accurate anatomy and proportions, grounded and believable, real-world scale and perspective, clear focus on the main subject, non-cinematic, Discovery Channel realism; no text or captions, no fog, no movie-style color grading.	"Cam: walking POV. Move: walk past sign. Env: real zoo doc, flat daylight, no cinematic/fog. Sound: footsteps, crowd, birds. Dialogue: NARRATOR: One big rival was Hatzegopteryx, another giant pterosaur - agree?""  Dee: ""Comments."". Style: non-cinematic, grounded, exact-env-match, 16:9."	"NARRATOR: One big rival was Hatzegopteryx, another giant pterosaur - agree?""  Dee: ""Comments."""	-	light doc bed	GEN	Hard cut (CTA)	still
6 Velociraptor	S28	1:04-1:11	6s	Establish + Rocky raptor paddock	MAYA	Rocky paddock, several feathered Velociraptors alert behind a fence	slow pan	16:9, photorealistic documentary photography, zoo photography, wildlife photography style, DINO ZOO (modern open-air dinosaur theme park, round green logo, yellow-black hazard signs, khaki rangers): sunny rocky paddock, several feathered Velociraptors moving alert behind a tall fence, crowd; natural realistic daylight, natural colors, balanced shadows, realistic skin textures and accurate anatomy and proportions, grounded and believable, real-world scale and perspective, clear focus on the main subject, non-cinematic, Discovery Channel realism; no text or captions, no fog, no movie-style color grading.	"Cam: slow pan. Move: raptors move alert, heads flick. Env: real zoo doc, flat daylight, no cinematic/fog. Sound: crowd, chittering. Dialogue: Maya: ""Can I give them some chicken nuggets?"". Style: non-cinematic, grounded, exact-env-match, 16:9."	"Maya: ""Can I give them some chicken nuggets?"""	-	light doc bed	GEN	Hard cut	still
6 Velociraptor	S29	+	6s	Narrator fact 1	NARRATOR	Close on a raptor's feathered head tilting	slow push-in	16:9, photorealistic documentary photography, zoo photography, wildlife photography style, DINO ZOO (modern open-air dinosaur theme park, round green logo, yellow-black hazard signs, khaki rangers): close on a Velociraptor feathered head tilting, intelligent eye, behind fence; natural realistic daylight, natural colors, balanced shadows, realistic skin textures and accurate anatomy and proportions, grounded and believable, real-world scale and perspective, clear focus on the main subject, non-cinematic, Discovery Channel realism; no text or captions, no fog, no movie-style color grading.	"Cam: slow push-in. Move: subject slow move, blink. Env: real zoo doc, flat daylight, no cinematic/fog. Sound: low call, crowd. Dialogue: NARRATOR: ""Velociraptors likely hatched covered in feathers - looking more like young birds than scaly dinosaurs."". Style: non-cinematic, grounded, exact-env-match, 16:9."	"NARRATOR: ""Velociraptors likely hatched covered in feathers - looking more like young birds than scaly dinosaurs."""	-	light doc bed	GEN	Hard cut	still
6 Velociraptor	S30	+	6s	Companion beat	COMPANION	Maya pretending to offer a snack, raptors tracking her hand	handheld	16:9, photorealistic documentary photography, zoo photography, wildlife photography style, DINO ZOO (modern open-air dinosaur theme park, round green logo, yellow-black hazard signs, khaki rangers): [MAYA] Maya pretending to offer a snack, raptors tracking her hand; natural realistic daylight, natural colors, balanced shadows, realistic skin textures and accurate anatomy and proportions, grounded and believable, real-world scale and perspective, clear focus on the main subject, non-cinematic, Discovery Channel realism; no text or captions, no fog, no movie-style color grading.	"Cam: handheld. Move: Maya reacts; Dee beside. Env: real zoo doc, flat daylight, no cinematic/fog. Sound: crowd, light laugh. Dialogue: Dee: ""I don't think the zoo allows that.""  Maya: ""They'd want the whole bucket."". Style: non-cinematic, grounded, exact-env-match, 16:9."	"Dee: ""I don't think the zoo allows that.""  Maya: ""They'd want the whole bucket."""	-	light doc bed	GEN	Hard cut	still
6 Velociraptor	S31	+	6s	Action beat	MAYA	Two raptors suddenly bolt along the fence in sync	dynamic	16:9, photorealistic documentary photography, zoo photography, wildlife photography style, DINO ZOO (modern open-air dinosaur theme park, round green logo, yellow-black hazard signs, khaki rangers): [MAYA] two Velociraptors suddenly bolt along the fence line in eerie sync, crowd jumps; natural realistic daylight, natural colors, balanced shadows, realistic skin textures and accurate anatomy and proportions, grounded and believable, real-world scale and perspective, clear focus on the main subject, non-cinematic, Discovery Channel realism; no text or captions, no fog, no movie-style color grading.	"Cam: dynamic. Move: raptors bolt in sync; crowd jumps. Env: real zoo doc, flat daylight, no cinematic/fog. Sound: chitter burst, gasps. Dialogue: Maya: ""They planned that."". Style: non-cinematic, grounded, exact-env-match, 16:9."	"Maya: ""They planned that."""	scurry SFX	light doc bed	GEN	Hard cut, SFX	still
6 Velociraptor	S32	+	6s	Narrator fact 2	NARRATOR	Two raptors square up near a Protoceratops display	slow pan	16:9, photorealistic documentary photography, zoo photography, wildlife photography style, DINO ZOO (modern open-air dinosaur theme park, round green logo, yellow-black hazard signs, khaki rangers): Two raptors square up near a Protoceratops display; natural realistic daylight, natural colors, balanced shadows, realistic skin textures and accurate anatomy and proportions, grounded and believable, real-world scale and perspective, clear focus on the main subject, non-cinematic, Discovery Channel realism; no text or captions, no fog, no movie-style color grading.	"Cam: slow pan. Move: subject behaviour. Env: real zoo doc, flat daylight, no cinematic/fog. Sound: low call, crowd. Dialogue: NARRATOR: ""Fossils show a Velociraptor and Protoceratops locked together mid-fight.. Style: non-cinematic, grounded, exact-env-match, 16:9."	"NARRATOR: ""Fossils show a Velociraptor and Protoceratops locked together mid-fight."	-	light doc bed	GEN	Hard cut	still
6 Velociraptor	S33	+	6s	Rival CTA (flywheel)	NARRATOR / DEE	POV toward PEACEFUL VALLEY ->	walking POV	16:9, photorealistic documentary photography, zoo photography, wildlife photography style, DINO ZOO (modern open-air dinosaur theme park, round green logo, yellow-black hazard signs, khaki rangers): [MAYA] POV past a wooden 'PEACEFUL VALLEY ->' sign, Maya beside, greenery; natural realistic daylight, natural colors, balanced shadows, realistic skin textures and accurate anatomy and proportions, grounded and believable, real-world scale and perspective, clear focus on the main subject, non-cinematic, Discovery Channel realism; no text or captions, no fog, no movie-style color grading.	"Cam: walking POV. Move: walk past sign. Env: real zoo doc, flat daylight, no cinematic/fog. Sound: footsteps, crowd, birds. Dialogue: NARRATOR: A likely rival? Protoceratops - who wins?""  Dee: ""Comments."". Style: non-cinematic, grounded, exact-env-match, 16:9."	"NARRATOR: A likely rival? Protoceratops - who wins?""  Dee: ""Comments."""	-	light doc bed	GEN	Hard cut (CTA)	still
7 Sauropods	S34	1:11-1:18	6s	Establish + Grassland 'peaceful' enclosure	DEE	Wide grassland: Brachiosaurus, Diplodocus, Stegosaurus, Ankylosaurus grazing together	slow rising reveal	16:9, photorealistic documentary photography, zoo photography, wildlife photography style, DINO ZOO (modern open-air dinosaur theme park, round green logo, yellow-black hazard signs, khaki rangers): wide sunny grassland enclosure, a Brachiosaurus, Diplodocus, Stegosaurus and Ankylosaurus grazing peacefully together, families watching; natural realistic daylight, natural colors, balanced shadows, realistic skin textures and accurate anatomy and proportions, grounded and believable, real-world scale and perspective, clear focus on the main subject, non-cinematic, Discovery Channel realism; no text or captions, no fog, no movie-style color grading.	"Cam: slow rising reveal. Move: sauropods graze; necks sway. Env: real zoo doc, flat daylight, no cinematic/fog. Sound: gentle crowd, birds, chewing. Dialogue: Dee: ""Finally, an enclosure of peaceful dinos."". Style: non-cinematic, grounded, exact-env-match, 16:9."	"Dee: ""Finally, an enclosure of peaceful dinos."""	-	calm warm bed	GEN	Hard cut	still
7 Sauropods	S35	+	6s	Narrator fact 1	NARRATOR	Tilt up a towering Brachiosaurus, tiny tourists below	slow push-in	16:9, photorealistic documentary photography, zoo photography, wildlife photography style, DINO ZOO (modern open-air dinosaur theme park, round green logo, yellow-black hazard signs, khaki rangers): tilt up the leg & neck of a towering Brachiosaurus, tiny tourists below for scale; natural realistic daylight, natural colors, balanced shadows, realistic skin textures and accurate anatomy and proportions, grounded and believable, real-world scale and perspective, clear focus on the main subject, non-cinematic, Discovery Channel realism; no text or captions, no fog, no movie-style color grading.	"Cam: slow push-in. Move: subject slow move, blink. Env: real zoo doc, flat daylight, no cinematic/fog. Sound: low call, crowd. Dialogue: NARRATOR: ""An Argentinosaurus may have needed 100 to 150 kg of vegetation every single day."". Style: non-cinematic, grounded, exact-env-match, 16:9."	"NARRATOR: ""An Argentinosaurus may have needed 100 to 150 kg of vegetation every single day."""	-	calm warm bed	GEN	Hard cut	still
7 Sauropods	S36	+	6s	Companion beat	COMPANION	Maya eyeing the smallest sauropod, grinning	handheld	16:9, photorealistic documentary photography, zoo photography, wildlife photography style, DINO ZOO (modern open-air dinosaur theme park, round green logo, yellow-black hazard signs, khaki rangers): [MAYA] Maya eyeing the smallest sauropod, grinning; natural realistic daylight, natural colors, balanced shadows, realistic skin textures and accurate anatomy and proportions, grounded and believable, real-world scale and perspective, clear focus on the main subject, non-cinematic, Discovery Channel realism; no text or captions, no fog, no movie-style color grading.	"Cam: handheld. Move: Maya reacts; Dee beside. Env: real zoo doc, flat daylight, no cinematic/fog. Sound: crowd, light laugh. Dialogue: Maya: ""Can I ride this one?""  Dee: ""Absolutely not."". Style: non-cinematic, grounded, exact-env-match, 16:9."	"Maya: ""Can I ride this one?""  Dee: ""Absolutely not."""	-	calm warm bed	GEN	Hard cut	still
7 Sauropods	S37	+	6s	Action beat	MAYA	Stegosaurus swings its spiked tail lazily, clearing a feeder	dynamic	16:9, photorealistic documentary photography, zoo photography, wildlife photography style, DINO ZOO (modern open-air dinosaur theme park, round green logo, yellow-black hazard signs, khaki rangers): Stegosaurus swings its spiked thagomizer tail lazily, knocking over a wooden feeder, crowd laughs; natural realistic daylight, natural colors, balanced shadows, realistic skin textures and accurate anatomy and proportions, grounded and believable, real-world scale and perspective, clear focus on the main subject, non-cinematic, Discovery Channel realism; no text or captions, no fog, no movie-style color grading.	"Cam: dynamic. Move: tail swings; feeder topples. Env: real zoo doc, flat daylight, no cinematic/fog. Sound: WHUMP, laughter. Dialogue: Maya: ""He did that on purpose."". Style: non-cinematic, grounded, exact-env-match, 16:9."	"Maya: ""He did that on purpose."""	WHUMP SFX	calm warm bed	GEN	Hard cut, SFX	still
7 Sauropods	S38	+	6s	Narrator fact 2	NARRATOR	Close on a sauropod's throat swallowing	slow pan	16:9, photorealistic documentary photography, zoo photography, wildlife photography style, DINO ZOO (modern open-air dinosaur theme park, round green logo, yellow-black hazard signs, khaki rangers): Close on a sauropod's throat swallowing; natural realistic daylight, natural colors, balanced shadows, realistic skin textures and accurate anatomy and proportions, grounded and believable, real-world scale and perspective, clear focus on the main subject, non-cinematic, Discovery Channel realism; no text or captions, no fog, no movie-style color grading.	"Cam: slow pan. Move: subject behaviour. Env: real zoo doc, flat daylight, no cinematic/fog. Sound: low call, crowd. Dialogue: NARRATOR: ""Sauropods swallowed gastroliths to grind food in their stomachs.. Style: non-cinematic, grounded, exact-env-match, 16:9."	"NARRATOR: ""Sauropods swallowed gastroliths to grind food in their stomachs."	-	calm warm bed	GEN	Hard cut	still
7 Sauropods	S39	+	6s	Rival CTA (flywheel)	NARRATOR / DEE	POV toward MOSA LAGOON ->	walking POV	16:9, photorealistic documentary photography, zoo photography, wildlife photography style, DINO ZOO (modern open-air dinosaur theme park, round green logo, yellow-black hazard signs, khaki rangers): [MAYA] POV past a wooden 'MOSA LAGOON ->' sign, Maya beside, greenery; natural realistic daylight, natural colors, balanced shadows, realistic skin textures and accurate anatomy and proportions, grounded and believable, real-world scale and perspective, clear focus on the main subject, non-cinematic, Discovery Channel realism; no text or captions, no fog, no movie-style color grading.	"Cam: walking POV. Move: walk past sign. Env: real zoo doc, flat daylight, no cinematic/fog. Sound: footsteps, crowd, birds. Dialogue: NARRATOR: Diplodocus and Stegosaurus were neighbours - who'd you keep?""  Dee: ""Comments."". Style: non-cinematic, grounded, exact-env-match, 16:9."	"NARRATOR: Diplodocus and Stegosaurus were neighbours - who'd you keep?""  Dee: ""Comments."""	-	calm warm bed	GEN	Hard cut (CTA)	still
8 Mosasaurus	S40	1:18-1:25	6s	Establish + Show stadium tank	PA / STAFF	Show stadium around a huge tank, crowd filling, staff ushering	slow reveal	16:9, photorealistic documentary photography, zoo photography, wildlife photography style, DINO ZOO (modern open-air dinosaur theme park, round green logo, yellow-black hazard signs, khaki rangers): large aquatic show stadium, tiered seating around an enormous water tank, hanging bait rig, crowd filling, ranger ushering; natural realistic daylight, natural colors, balanced shadows, realistic skin textures and accurate anatomy and proportions, grounded and believable, real-world scale and perspective, clear focus on the main subject, non-cinematic, Discovery Channel realism; no text or captions, no fog, no movie-style color grading.	"Cam: slow reveal. Move: crowd fills stands; staff points. Env: real zoo doc, flat daylight, no cinematic/fog. Sound: echoing PA, excited crowd. Dialogue: PA: ""Mosasaurus feeding time.""  Staff: ""This way, ma'am."". Style: non-cinematic, grounded, exact-env-match, 16:9."	"PA: ""Mosasaurus feeding time.""  Staff: ""This way, ma'am."""	-	light doc bed	GEN	Hard cut	still
8 Mosasaurus	S41	+	6s	Narrator fact 1	NARRATOR	Dark shape circles under the surface	slow push-in	16:9, photorealistic documentary photography, zoo photography, wildlife photography style, DINO ZOO (modern open-air dinosaur theme park, round green logo, yellow-black hazard signs, khaki rangers): huge dark shape circles beneath the show-tank surface, ripples, anticipation in the stands; natural realistic daylight, natural colors, balanced shadows, realistic skin textures and accurate anatomy and proportions, grounded and believable, real-world scale and perspective, clear focus on the main subject, non-cinematic, Discovery Channel realism; no text or captions, no fog, no movie-style color grading.	"Cam: slow push-in. Move: subject slow move, blink. Env: real zoo doc, flat daylight, no cinematic/fog. Sound: low call, crowd. Dialogue: NARRATOR: ""Mosasaurus had a second set of teeth on the roof of its mouth to drag prey deeper into its throat."". Style: non-cinematic, grounded, exact-env-match, 16:9."	"NARRATOR: ""Mosasaurus had a second set of teeth on the roof of its mouth to drag prey deeper into its throat."""	-	light doc bed	GEN	Hard cut	still
8 Mosasaurus	S42	+	6s	Companion beat	COMPANION	POV settling into a front-row seat beside Maya, big tank ahead	handheld	16:9, photorealistic documentary photography, zoo photography, wildlife photography style, DINO ZOO (modern open-air dinosaur theme park, round green logo, yellow-black hazard signs, khaki rangers): [MAYA] POV settling into a front-row seat beside Maya, big tank ahead; natural realistic daylight, natural colors, balanced shadows, realistic skin textures and accurate anatomy and proportions, grounded and believable, real-world scale and perspective, clear focus on the main subject, non-cinematic, Discovery Channel realism; no text or captions, no fog, no movie-style color grading.	"Cam: handheld. Move: Maya reacts; Dee beside. Env: real zoo doc, flat daylight, no cinematic/fog. Sound: crowd, light laugh. Dialogue: Maya: ""Front row. Obviously.""  Dee: ""This is a mistake."". Style: non-cinematic, grounded, exact-env-match, 16:9."	"Maya: ""Front row. Obviously.""  Dee: ""This is a mistake."""	-	light doc bed	GEN	Hard cut	still
8 Mosasaurus	S43	+	6s	Action beat	MAYA	Mosasaurus EXPLODES out for the bait; water wall soaks the front rows	dynamic	16:9, photorealistic documentary photography, zoo photography, wildlife photography style, DINO ZOO (modern open-air dinosaur theme park, round green logo, yellow-black hazard signs, khaki rangers): [MAYA] Mosasaurus erupts from the tank to snatch the hanging bait, enormous jaws, water cascading over the screaming front rows; natural realistic daylight, natural colors, balanced shadows, realistic skin textures and accurate anatomy and proportions, grounded and believable, real-world scale and perspective, clear focus on the main subject, non-cinematic, Discovery Channel realism; no text or captions, no fog, no movie-style color grading.	"Cam: dynamic. Move: Mosa breaches, snaps bait, water wall soaks crowd. Env: real zoo doc, flat daylight, no cinematic/fog. Sound: huge breach, crowd roar, splash. Dialogue: Maya: ""Front row was a MISTAKE."". Style: non-cinematic, grounded, exact-env-match, 16:9."	"Maya: ""Front row was a MISTAKE."""	BREACH+splash SFX	light doc bed	GEN	Hard cut, SFX	still
8 Mosasaurus	S44	+	6s	Narrator fact 2	NARRATOR	The Mosa slides under; a Plesiosaur glides in a side tank	slow pan	16:9, photorealistic documentary photography, zoo photography, wildlife photography style, DINO ZOO (modern open-air dinosaur theme park, round green logo, yellow-black hazard signs, khaki rangers): The Mosa slides under; a Plesiosaur glides in a side tank; natural realistic daylight, natural colors, balanced shadows, realistic skin textures and accurate anatomy and proportions, grounded and believable, real-world scale and perspective, clear focus on the main subject, non-cinematic, Discovery Channel realism; no text or captions, no fog, no movie-style color grading.	"Cam: slow pan. Move: subject behaviour. Env: real zoo doc, flat daylight, no cinematic/fog. Sound: low call, crowd. Dialogue: NARRATOR: ""Plesiosaurs used all four flippers to swim - almost like underwater flying.. Style: non-cinematic, grounded, exact-env-match, 16:9."	"NARRATOR: ""Plesiosaurs used all four flippers to swim - almost like underwater flying."	-	light doc bed	GEN	Hard cut	still
8 Mosasaurus	S45	+	6s	Rival CTA (flywheel)	NARRATOR / DEE	POV toward RESTRICTED - APEX ->	walking POV	16:9, photorealistic documentary photography, zoo photography, wildlife photography style, DINO ZOO (modern open-air dinosaur theme park, round green logo, yellow-black hazard signs, khaki rangers): [MAYA] POV past a wooden 'RESTRICTED - APEX ->' sign, Maya beside, greenery; natural realistic daylight, natural colors, balanced shadows, realistic skin textures and accurate anatomy and proportions, grounded and believable, real-world scale and perspective, clear focus on the main subject, non-cinematic, Discovery Channel realism; no text or captions, no fog, no movie-style color grading.	"Cam: walking POV. Move: walk past sign. Env: real zoo doc, flat daylight, no cinematic/fog. Sound: footsteps, crowd, birds. Dialogue: NARRATOR: Mosa vs Megalodon - who wins?""  Dee: ""Comments."". Style: non-cinematic, grounded, exact-env-match, 16:9."	"NARRATOR: Mosa vs Megalodon - who wins?""  Dee: ""Comments."""	-	light doc bed	GEN	Hard cut (CTA)	still
9 T-Rex	S46	1:25-1:32	6s	Establish + Reinforced apex arena	MAYA	Huge reinforced arena, a T-Rex stalks; a Triceratops in the next paddock	slow tilt up	16:9, photorealistic documentary photography, zoo photography, wildlife photography style, DINO ZOO (modern open-air dinosaur theme park, round green logo, yellow-black hazard signs, khaki rangers): huge reinforced enclosure, thick walls, a massive T-Rex stalks; a Triceratops visible in the adjacent paddock, tense crowd; natural realistic daylight, natural colors, balanced shadows, realistic skin textures and accurate anatomy and proportions, grounded and believable, real-world scale and perspective, clear focus on the main subject, non-cinematic, Discovery Channel realism; no text or captions, no fog, no movie-style color grading.	"Cam: slow tilt up. Move: T-Rex stalks; head tracks crowd. Env: real zoo doc, flat daylight, no cinematic/fog. Sound: deep roar, low crowd. Dialogue: Maya: ""That thing is even bigger than I expected."". Style: non-cinematic, grounded, exact-env-match, 16:9."	"Maya: ""That thing is even bigger than I expected."""	-	light doc bed	GEN	Hard cut	still
9 T-Rex	S47	+	6s	Narrator fact 1	NARRATOR	Close on the T-Rex head + teeth	slow push-in	16:9, photorealistic documentary photography, zoo photography, wildlife photography style, DINO ZOO (modern open-air dinosaur theme park, round green logo, yellow-black hazard signs, khaki rangers): close on a T-Rex head, lips & huge teeth, eye catching light, behind heavy fencing; natural realistic daylight, natural colors, balanced shadows, realistic skin textures and accurate anatomy and proportions, grounded and believable, real-world scale and perspective, clear focus on the main subject, non-cinematic, Discovery Channel realism; no text or captions, no fog, no movie-style color grading.	"Cam: slow push-in. Move: subject slow move, blink. Env: real zoo doc, flat daylight, no cinematic/fog. Sound: low call, crowd. Dialogue: NARRATOR: ""A T-Rex tooth could reach over 30 cm long including the root - with one of the strongest bite forces of any land animal."". Style: non-cinematic, grounded, exact-env-match, 16:9."	"NARRATOR: ""A T-Rex tooth could reach over 30 cm long including the root - with one of the strongest bite forces of any land animal."""	-	light doc bed	GEN	Hard cut	still
9 T-Rex	S48	+	6s	Companion beat	COMPANION	Maya stepping back from the fence, nervous	handheld	16:9, photorealistic documentary photography, zoo photography, wildlife photography style, DINO ZOO (modern open-air dinosaur theme park, round green logo, yellow-black hazard signs, khaki rangers): [MAYA] Maya stepping back from the fence, nervous; natural realistic daylight, natural colors, balanced shadows, realistic skin textures and accurate anatomy and proportions, grounded and believable, real-world scale and perspective, clear focus on the main subject, non-cinematic, Discovery Channel realism; no text or captions, no fog, no movie-style color grading.	"Cam: handheld. Move: Maya reacts; Dee beside. Env: real zoo doc, flat daylight, no cinematic/fog. Sound: crowd, light laugh. Dialogue: Maya: ""I'm afraid to go in there.""  Dee: ""Good instinct."". Style: non-cinematic, grounded, exact-env-match, 16:9."	"Maya: ""I'm afraid to go in there.""  Dee: ""Good instinct."""	-	light doc bed	GEN	Hard cut	still
9 T-Rex	S49	+	6s	Action beat	CROWD	The T-Rex slams the fence; Triceratops lowers its horns	dynamic	16:9, photorealistic documentary photography, zoo photography, wildlife photography style, DINO ZOO (modern open-air dinosaur theme park, round green logo, yellow-black hazard signs, khaki rangers): [MAYA] T-Rex rams the heavy fence, a Triceratops in the next paddock lowers its horns, dust, crowd jumps; natural realistic daylight, natural colors, balanced shadows, realistic skin textures and accurate anatomy and proportions, grounded and believable, real-world scale and perspective, clear focus on the main subject, non-cinematic, Discovery Channel realism; no text or captions, no fog, no movie-style color grading.	"Cam: dynamic. Move: T-Rex rams fence; trike lowers horns; dust. Env: real zoo doc, flat daylight, no cinematic/fog. Sound: metal clang, snort, gasps. Dialogue: Crowd: ""AAH!"". Style: non-cinematic, grounded, exact-env-match, 16:9."	"Crowd: ""AAH!"""	clang SFX	light doc bed	GEN	Hard cut, SFX	still
9 T-Rex	S50	+	6s	Narrator fact 2	NARRATOR	Wide, T-Rex and Triceratops eyeing across the divide	slow pan	16:9, photorealistic documentary photography, zoo photography, wildlife photography style, DINO ZOO (modern open-air dinosaur theme park, round green logo, yellow-black hazard signs, khaki rangers): Wide, T-Rex and Triceratops eyeing across the divide; natural realistic daylight, natural colors, balanced shadows, realistic skin textures and accurate anatomy and proportions, grounded and believable, real-world scale and perspective, clear focus on the main subject, non-cinematic, Discovery Channel realism; no text or captions, no fog, no movie-style color grading.	"Cam: slow pan. Move: subject behaviour. Env: real zoo doc, flat daylight, no cinematic/fog. Sound: low call, crowd. Dialogue: NARRATOR: ""Some think Triceratops was one of T-Rex's toughest rivals.. Style: non-cinematic, grounded, exact-env-match, 16:9."	"NARRATOR: ""Some think Triceratops was one of T-Rex's toughest rivals."	-	light doc bed	GEN	Hard cut	still
9 T-Rex	S51	+	6s	Rival CTA (flywheel)	NARRATOR / DEE	POV toward STAFF ONLY ->	walking POV	16:9, photorealistic documentary photography, zoo photography, wildlife photography style, DINO ZOO (modern open-air dinosaur theme park, round green logo, yellow-black hazard signs, khaki rangers): [MAYA] POV past a wooden 'STAFF ONLY ->' sign, Maya beside, greenery; natural realistic daylight, natural colors, balanced shadows, realistic skin textures and accurate anatomy and proportions, grounded and believable, real-world scale and perspective, clear focus on the main subject, non-cinematic, Discovery Channel realism; no text or captions, no fog, no movie-style color grading.	"Cam: walking POV. Move: walk past sign. Env: real zoo doc, flat daylight, no cinematic/fog. Sound: footsteps, crowd, birds. Dialogue: NARRATOR: T-Rex or Triceratops - who really wins?""  Dee: ""Comments."". Style: non-cinematic, grounded, exact-env-match, 16:9."	"NARRATOR: T-Rex or Triceratops - who really wins?""  Dee: ""Comments."""	-	light doc bed	GEN	Hard cut (CTA)	still
10 Hybrid (D-Rex)	S52	1:32-1:41	6s	Into the apex hall (the main attraction)	DEE	Dim corridor, 'RESTRICTED // GENETICS', flicker	slow forward dolly	16:9, photorealistic documentary photography, zoo photography, wildlife photography style, DINO ZOO (modern open-air dinosaur theme park, round green logo, yellow-black hazard signs, khaki rangers): dim concrete corridor, flickering fluorescents, signs 'RESTRICTED' 'GENETICS', cold blue light, POV creeping; natural realistic daylight, natural colors, balanced shadows, realistic skin textures and accurate anatomy and proportions, grounded and believable, real-world scale and perspective, clear focus on the main subject, non-cinematic, Discovery Channel realism; no text or captions, no fog, no movie-style color grading.	"Cam: slow forward dolly. Move: POV creeps; lights flicker. Env: real zoo doc, flat daylight, no cinematic/fog. Sound: hum, flicker, distant thud. Dialogue: Dee: ""Okay - THIS is the one everyone lines up for."". Style: non-cinematic, grounded, exact-env-match, 16:9."	"Dee: ""Okay - THIS is the one everyone lines up for."""	-	dread drone	GEN	Hard cut; cold-blue grade	still
10 Hybrid (D-Rex)	S53	+	6s	The hybrid reveal	NARRATOR	Vast dark cell, the hybrid's scarred face + glowing seams enters the light	slow reveal	16:9, photorealistic documentary photography, zoo photography, wildlife photography style, DINO ZOO (modern open-air dinosaur theme park, round green logo, yellow-black hazard signs, khaki rangers): [OMEGA REX] vast dark containment cell behind thick scratched glass, a massive hybrid theropod - charcoal hide, glowing orange seams, oversized jaws - moves into cold light, watching the camera; natural realistic daylight, natural colors, balanced shadows, realistic skin textures and accurate anatomy and proportions, grounded and believable, real-world scale and perspective, clear focus on the main subject, non-cinematic, Discovery Channel realism; no text or captions, no fog, no movie-style color grading.	"Cam: slow reveal. Move: hybrid face enters light; eye fixes camera; claws scrape. Env: real zoo doc, flat daylight, no cinematic/fog. Sound: deep breathing, claw scrape. Dialogue: NARRATOR: ""They built a hybrid. People think he's a monster - but is he?"". Style: non-cinematic, grounded, exact-env-match, 16:9."	"NARRATOR: ""They built a hybrid. People think he's a monster - but is he?"""	claw scrape SFX	dread drone	GEN	Hard cut	still
10 Hybrid (D-Rex)	S54	+	6s	Fact: smart + camouflage	NARRATOR	The hybrid's hide shimmers/blends against the wall	slow push	16:9, photorealistic documentary photography, zoo photography, wildlife photography style, DINO ZOO (modern open-air dinosaur theme park, round green logo, yellow-black hazard signs, khaki rangers): [OMEGA REX] the hybrid's hide subtly shifts tone against the cell wall as if camouflaging, glowing seams dimming; natural realistic daylight, natural colors, balanced shadows, realistic skin textures and accurate anatomy and proportions, grounded and believable, real-world scale and perspective, clear focus on the main subject, non-cinematic, Discovery Channel realism; no text or captions, no fog, no movie-style color grading.	"Cam: slow push-in. Move: hide shifts tone; seams dim; slow blink. Env: real zoo doc, flat daylight, no cinematic/fog. Sound: low rumble, hum. Dialogue: NARRATOR: ""This hybrid is smarter than people realize - and camouflage may be its most dangerous advantage, even more than its size."". Style: non-cinematic, grounded, exact-env-match, 16:9."	"NARRATOR: ""This hybrid is smarter than people realize - and camouflage may be its most dangerous advantage, even more than its size."""	-	dread drone	GEN	Hard cut	still
10 Hybrid (D-Rex)	S55	+	6s	D-Rex trivia (his real line)	NARRATOR / DEE	Close on a lab plaque 'PROJECT D-REX'	push to sign	16:9, photorealistic documentary photography, zoo photography, wildlife photography style, DINO ZOO (modern open-air dinosaur theme park, round green logo, yellow-black hazard signs, khaki rangers): close on a stenciled lab plaque 'PROJECT D-REX // CLASSIFIED', biohazard symbol, cold light; natural realistic daylight, natural colors, balanced shadows, realistic skin textures and accurate anatomy and proportions, grounded and believable, real-world scale and perspective, clear focus on the main subject, non-cinematic, Discovery Channel realism; no text or captions, no fog, no movie-style color grading.	"Cam: slow push-in. Move: push to plaque; breathing beyond. Env: real zoo doc, flat daylight, no cinematic/fog. Sound: hum, deep breathing. Dialogue: NARRATOR: ""Fun fact - the Jurassic World team first planned their hybrid as 'Diabolus Rex', or D-Rex, before renaming it.""  Dee: ""Ooh."". Style: non-cinematic, grounded, exact-env-match, 16:9."	"NARRATOR: ""Fun fact - the Jurassic World team first planned their hybrid as 'Diabolus Rex', or D-Rex, before renaming it.""  Dee: ""Ooh."""	-	dread drone	GEN	Hard cut	still
10 Hybrid (D-Rex)	S56	+	6s	Companion fear	COMPANION	Maya at the glass, whispering, terrified	handheld close	16:9, photorealistic documentary photography, zoo photography, wildlife photography style, DINO ZOO (modern open-air dinosaur theme park, round green logo, yellow-black hazard signs, khaki rangers): [MAYA][OMEGA REX] Maya in cold blue light at the scratched glass, wide-eyed, a huge dark shape looming behind; natural realistic daylight, natural colors, balanced shadows, realistic skin textures and accurate anatomy and proportions, grounded and believable, real-world scale and perspective, clear focus on the main subject, non-cinematic, Discovery Channel realism; no text or captions, no fog, no movie-style color grading.	"Cam: handheld close. Move: Maya whispers; shape looms. Env: real zoo doc, flat daylight, no cinematic/fog. Sound: whisper, low growl, hum. Dialogue: Maya (whisper): ""Dee... what IS that?"". Style: non-cinematic, grounded, exact-env-match, 16:9."	"Maya (whisper): ""Dee... what IS that?"""	-	dread drone	GEN	Hard cut	still
10 Hybrid (D-Rex)	S57	+	6s	It notices them	NARRATOR / DEE	The hybrid's eye snaps to the camera; it presses the glass	slow push then jolt	16:9, photorealistic documentary photography, zoo photography, wildlife photography style, DINO ZOO (modern open-air dinosaur theme park, round green logo, yellow-black hazard signs, khaki rangers): [OMEGA REX] the hybrid's glowing eye snaps to the camera and it presses its scarred snout against the cracking glass; natural realistic daylight, natural colors, balanced shadows, realistic skin textures and accurate anatomy and proportions, grounded and believable, real-world scale and perspective, clear focus on the main subject, non-cinematic, Discovery Channel realism; no text or captions, no fog, no movie-style color grading.	"Cam: slow push then jolt. Move: eye snaps to lens; snout presses glass. Env: real zoo doc, flat daylight, no cinematic/fog. Sound: low rumble, glass groan. Dialogue: Dee (whisper): ""...it's watching us back."". Style: non-cinematic, grounded, exact-env-match, 16:9."	"Dee (whisper): ""...it's watching us back."""	glass groan SFX	dread drone	GEN	Hard cut into breakout	still
11 Breakout	S60	1:41-1:45	4s	The break: hybrid into the open	NARRATOR	Hybrid rams through its enclosure gate into the open park	tilt up + shake	16:9, photorealistic documentary photography, zoo photography, wildlife photography style, DINO ZOO (modern open-air dinosaur theme park, round green logo, yellow-black hazard signs, khaki rangers): [OMEGA REX] a massive hybrid theropod rams through its heavy enclosure gate out into the sunny open park, debris flying, hazard signs, no people in danger; natural realistic daylight, natural colors, balanced shadows, realistic skin textures and accurate anatomy and proportions, grounded and believable, real-world scale and perspective, clear focus on the main subject, non-cinematic, Discovery Channel realism; no text or captions, no fog, no movie-style color grading.	"Cam: tilt up + shake. Move: hybrid bursts the gate; debris flies. Env: real zoo doc, flat daylight, no cinematic/fog. Sound: gate crash, roar, alarm. Dialogue: NARRATOR: ""It only took one to get out."". Style: non-cinematic, grounded, exact-env-match, 16:9."	"NARRATOR: ""It only took one to get out."""	CRASH SFX	alarm/action	GEN	Hard cut	still
11 Breakout	S61	+	3s	The trip: power goes down	PA	Hybrid topples a power pylon; sparks; lights drop	whip + shake	16:9, photorealistic documentary photography, zoo photography, wildlife photography style, DINO ZOO (modern open-air dinosaur theme park, round green logo, yellow-black hazard signs, khaki rangers): [OMEGA REX] the hybrid crashes into a power pylon and transformer, a shower of sparks, the park floodlights dropping dark; natural realistic daylight, natural colors, balanced shadows, realistic skin textures and accurate anatomy and proportions, grounded and believable, real-world scale and perspective, clear focus on the main subject, non-cinematic, Discovery Channel realism; no text or captions, no fog, no movie-style color grading.	"Cam: whip + shake. Move: pylon topples; sparks burst; lights die. Env: real zoo doc, flat daylight, no cinematic/fog. Sound: electrical bang, alarm. Dialogue: PA: ""Containment failure. Containment failure."". Style: non-cinematic, grounded, exact-env-match, 16:9."	"PA: ""Containment failure. Containment failure."""	SPARK SFX	action	GEN	Hard cut	still
11 Breakout	S62	+	3s	The tell + patient zero	DEE	A dead electric fence; a small dino innocently hops over	locked then tilt	16:9, photorealistic documentary photography, zoo photography, wildlife photography style, DINO ZOO (modern open-air dinosaur theme park, round green logo, yellow-black hazard signs, khaki rangers): a now-dead electric perimeter fence with its warning light off, and a small harmless dinosaur calmly hopping over the unpowered fence; natural realistic daylight, natural colors, balanced shadows, realistic skin textures and accurate anatomy and proportions, grounded and believable, real-world scale and perspective, clear focus on the main subject, non-cinematic, Discovery Channel realism; no text or captions, no fog, no movie-style color grading.	"Cam: locked then tilt. Move: fence light dies; small dino hops over. Env: real zoo doc, flat daylight, no cinematic/fog. Sound: fence hum dies, hop. Dialogue: Dee: ""...the fences. The fences are dead."". Style: non-cinematic, grounded, exact-env-match, 16:9."	"Dee: ""...the fences. The fences are dead."""	-	action	GEN	Hard cut	still
11 Breakout	S63	+	2s	Raptor notices	NARRATOR	A Velociraptor tilts its head at the dead fence	slow push	16:9, photorealistic documentary photography, zoo photography, wildlife photography style, DINO ZOO (modern open-air dinosaur theme park, round green logo, yellow-black hazard signs, khaki rangers): a Velociraptor at its paddock fence tilts its head, intelligent eye fixed on the now-unpowered fence; natural realistic daylight, natural colors, balanced shadows, realistic skin textures and accurate anatomy and proportions, grounded and believable, real-world scale and perspective, clear focus on the main subject, non-cinematic, Discovery Channel realism; no text or captions, no fog, no movie-style color grading.	Cam: slow push-in. Move: raptor tilts head; eye fixes the fence. Env: real zoo doc, flat daylight, no cinematic/fog. Sound: low chitter. Dialogue: -. Style: non-cinematic, grounded, exact-env-match, 16:9.	-	-	tension build	GEN	Hard cut 2s	still
11 Breakout	S64	+	2s	Raptor realizes + over	KID/PANIC	The raptor's sly look, then it leaps the fence	quick push + whip	16:9, photorealistic documentary photography, zoo photography, wildlife photography style, DINO ZOO (modern open-air dinosaur theme park, round green logo, yellow-black hazard signs, khaki rangers): a Velociraptor with a sly, knowing look springs up and over the unpowered fence, the first one out; natural realistic daylight, natural colors, balanced shadows, realistic skin textures and accurate anatomy and proportions, grounded and believable, real-world scale and perspective, clear focus on the main subject, non-cinematic, Discovery Channel realism; no text or captions, no fog, no movie-style color grading.	Cam: quick push then whip. Move: raptor's sly look; springs over the fence. Env: real zoo doc, flat daylight, no cinematic/fog. Sound: chitter, leap. Dialogue: -. Style: non-cinematic, grounded, exact-env-match, 16:9.	-	-	action	GEN	Hard cut 2s	still
11 Breakout	S65	+	3s	The flood	KID/PANIC	Several raptors pour over the fence together	fast handheld	16:9, photorealistic documentary photography, zoo photography, wildlife photography style, DINO ZOO (modern open-air dinosaur theme park, round green logo, yellow-black hazard signs, khaki rangers): several Velociraptors pour over the dead fence together into the park; natural realistic daylight, natural colors, balanced shadows, realistic skin textures and accurate anatomy and proportions, grounded and believable, real-world scale and perspective, clear focus on the main subject, non-cinematic, Discovery Channel realism; no text or captions, no fog, no movie-style color grading.	Cam: fast handheld. Move: raptors pour over together. Env: real zoo doc, flat daylight, no cinematic/fog. Sound: chitter, distant screams. Dialogue: -. Style: non-cinematic, grounded, exact-env-match, 16:9.	-	-	action ramp	GEN	Rapid cuts	still
11 Breakout	S66	+	4s	Everything loose	NARRATOR	Wide: Quetzal swooping, Spino and Anky out, hybrid amid the worst	wide, fast pans	16:9, photorealistic documentary photography, zoo photography, wildlife photography style, DINO ZOO (modern open-air dinosaur theme park, round green logo, yellow-black hazard signs, khaki rangers): a wide of the park in chaos - a Quetzalcoatlus swooping low over the plaza, a Spinosaurus and an Ankylosaurus loose among emptied paths, the hybrid theropod amid the worst of it; people implied fleeing, no gore; natural realistic daylight, natural colors, balanced shadows, realistic skin textures and accurate anatomy and proportions, grounded and believable, real-world scale and perspective, clear focus on the main subject, non-cinematic, Discovery Channel realism; no text or captions, no fog, no movie-style color grading.	"Cam: wide fast pans. Move: every enclosure emptying; dinosaurs everywhere. Env: real zoo doc, flat daylight, no cinematic/fog. Sound: roars, alarm, distant screams. Dialogue: NARRATOR: ""Every gate in the park runs on the same grid."". Style: non-cinematic, grounded, exact-env-match, 16:9."	"NARRATOR: ""Every gate in the park runs on the same grid."""	-	action peak	GEN	Slow-to-fast montage	still
11 Breakout	S67	+	3s	Chaos peak	KID/PANIC	Accelerating slow-to-fast chaos, dust and sirens	frantic montage	16:9, photorealistic documentary photography, zoo photography, wildlife photography style, DINO ZOO (modern open-air dinosaur theme park, round green logo, yellow-black hazard signs, khaki rangers): fast chaotic montage of the park overrun - dust, strobing sirens, silhouetted figures running, overturned carts, dinosaurs charging through; dread not gore; natural realistic daylight, natural colors, balanced shadows, realistic skin textures and accurate anatomy and proportions, grounded and believable, real-world scale and perspective, clear focus on the main subject, non-cinematic, Discovery Channel realism; no text or captions, no fog, no movie-style color grading.	"Cam: frantic accelerating cuts. Move: pure chaos accelerating. Env: real zoo doc, flat daylight, no cinematic/fog. Sound: roars, sirens, rumble. Dialogue: Dee: ""This is the part from the intro - we're IN it."". Style: non-cinematic, grounded, exact-env-match, 16:9."	"Dee: ""This is the part from the intro - we're IN it."""	-	action peak	GEN	Accelerate to fast cuts	still
11 Breakout	S66b	+	3s	Crowd stampede (people fleeing)	KID/PANIC	A panicked crowd running and screaming away through the plaza	fast handheld	16:9, photorealistic documentary photography, zoo photography, wildlife photography style, DINO ZOO (modern open-air dinosaur theme park, round green logo, yellow-black hazard signs, khaki rangers): a large crowd of panicked tourists running and screaming away from the camera through the sunny theme-park plaza, fleeing, dropped bags and an abandoned stroller, dust kicked up; no blood, no gore; natural realistic daylight, natural colors, balanced shadows, realistic skin textures and accurate anatomy and proportions, grounded and believable, real-world scale and perspective, clear focus on the main subject, non-cinematic, Discovery Channel realism; no text or captions, no fog, no movie-style color grading.	Cam: fast handheld pan. Move: crowd sprints away screaming. Env: real zoo doc, flat daylight, no cinematic/fog. Sound: screams, pounding feet, alarm. Dialogue: -. Style: non-cinematic, grounded, exact-env-match, 16:9.	-	-	action peak	GEN	Intercut with the dinosaurs	still
11 Breakout	S67b	+	2s	Terror reaction (faces)	KID/PANIC	Tight on terrified tourists scrambling, faces in panic	tight handheld	16:9, photorealistic documentary photography, zoo photography, wildlife photography style, DINO ZOO (modern open-air dinosaur theme park, round green logo, yellow-black hazard signs, khaki rangers): tight on a knot of terrified tourists scrambling and shielding each other, faces in panic, lit by strobing red emergency light; no gore; natural realistic daylight, natural colors, balanced shadows, realistic skin textures and accurate anatomy and proportions, grounded and believable, real-world scale and perspective, clear focus on the main subject, non-cinematic, Discovery Channel realism; no text or captions, no fog, no movie-style color grading.	Cam: tight handheld. Move: faces in terror; people scramble. Env: real zoo doc, flat daylight, no cinematic/fog. Sound: screams, alarm. Dialogue: -. Style: non-cinematic, grounded, exact-env-match, 16:9.	-	-	action peak	GEN	Hard cut	still
11 Breakout	S66d	+	3s	Crowd fleeing, dino behind	KID/PANIC	Crowd runs toward camera; a huge dinosaur silhouette far behind in the dust	wide, shake	16:9, photorealistic documentary photography, zoo photography, wildlife photography style, DINO ZOO (modern open-air dinosaur theme park, round green logo, yellow-black hazard signs, khaki rangers): a crowd of tourists running and screaming toward the camera in panic across the plaza, and far behind them a huge dinosaur silhouette looming in the dust and haze; no contact, no gore; natural realistic daylight, natural colors, balanced shadows, realistic skin textures and accurate anatomy and proportions, grounded and believable, real-world scale and perspective, clear focus on the main subject, non-cinematic, Discovery Channel realism; no text or captions, no fog, no movie-style color grading.	Cam: wide handheld shake. Move: crowd flees toward lens; dino looms far behind. Env: real zoo doc, flat daylight, no cinematic/fog. Sound: screams, roar, rumble. Dialogue: -. Style: non-cinematic, grounded, exact-env-match, 16:9.	-	-	action peak	GEN	Wide, hold the scale	still
12 Outro	S68	1:50-...	6s	The held breath	KID/PANIC	Dee + Maya hiding in a gap, strobing red, slow-mo, breathing	tight, slow	16:9, photorealistic documentary photography, zoo photography, wildlife photography style, DINO ZOO (modern open-air dinosaur theme park, round green logo, yellow-black hazard signs, khaki rangers): [MAYA] Dee and Maya crammed into a hiding spot peering out through a narrow gap, lit by strobing red light, tight and tense, time slowed; natural realistic daylight, natural colors, balanced shadows, realistic skin textures and accurate anatomy and proportions, grounded and believable, real-world scale and perspective, clear focus on the main subject, non-cinematic, Discovery Channel realism; no text or captions, no fog, no movie-style color grading.	"Cam: tight slow-mo. Move: the two hide; peer out; held breath. Env: real zoo doc, flat daylight, no cinematic/fog. Sound: heartbeat, breathing, muffled chaos. Dialogue: Dee (whisper): ""Don't move."". Style: non-cinematic, grounded, exact-env-match, 16:9."	"Dee (whisper): ""Don't move."""	heartbeat SFX	slow tense	GEN	Slow-mo, hold	still
12 Outro	S69	+	4s	Their POV of the chaos	KID/PANIC	Blurry POV through the gap of dinosaurs and chaos	handheld, rack focus	16:9, photorealistic documentary photography, zoo photography, wildlife photography style, DINO ZOO (modern open-air dinosaur theme park, round green logo, yellow-black hazard signs, khaki rangers): first-person POV through a narrow gap, slightly blurred, of dinosaurs and chaos moving across the smoking park beyond; natural realistic daylight, natural colors, balanced shadows, realistic skin textures and accurate anatomy and proportions, grounded and believable, real-world scale and perspective, clear focus on the main subject, non-cinematic, Discovery Channel realism; no text or captions, no fog, no movie-style color grading.	Cam: handheld, rack focus. Move: blurry chaos beyond the gap. Env: real zoo doc, flat daylight, no cinematic/fog. Sound: muffled roars, sirens. Dialogue: -. Style: non-cinematic, grounded, exact-env-match, 16:9.	-	-	slow tense	GEN	Hold, then build	still
12 Outro	S70	+	4s	Rescue: one chopper	HOST-VO (Dee)	Dusk sky, a single distant Blackhawk silhouette, searchlight	slow tilt up	16:9, photorealistic documentary photography, zoo photography, wildlife photography style, DINO ZOO (modern open-air dinosaur theme park, round green logo, yellow-black hazard signs, khaki rangers): a dusk sky over the smoking park, a single distant Blackhawk military helicopter silhouette inbound with a searchlight; natural realistic daylight, natural colors, balanced shadows, realistic skin textures and accurate anatomy and proportions, grounded and believable, real-world scale and perspective, clear focus on the main subject, non-cinematic, Discovery Channel realism; no text or captions, no fog, no movie-style color grading.	"Cam: slow tilt up. Move: one chopper appears; searchlight sweeps. Env: real zoo doc, flat daylight, no cinematic/fog. Sound: distant rotors rising. Dialogue: HOST-VO: ""...and then we heard them."". Style: non-cinematic, grounded, exact-env-match, 16:9."	"HOST-VO: ""...and then we heard them."""	ROTOR SFX	build → swell	GEN	Build	still
12 Outro	S71	+	4s	Several Blackhawks inbound	HOST-VO (Dee)	Several Blackhawks inbound, rotor-wash kicking debris	low wide, shake	16:9, photorealistic documentary photography, zoo photography, wildlife photography style, DINO ZOO (modern open-air dinosaur theme park, round green logo, yellow-black hazard signs, khaki rangers): several Blackhawk military helicopters inbound over the park at dusk, rotor-wash kicking up dust and debris, searchlights crossing; natural realistic daylight, natural colors, balanced shadows, realistic skin textures and accurate anatomy and proportions, grounded and believable, real-world scale and perspective, clear focus on the main subject, non-cinematic, Discovery Channel realism; no text or captions, no fog, no movie-style color grading.	Cam: low wide, rotor shake. Move: several choppers sweep in; downwash. Env: real zoo doc, flat daylight, no cinematic/fog. Sound: loud rotors, wind. Dialogue: -. Style: non-cinematic, grounded, exact-env-match, 16:9.	-	-	swell → cut	GEN	Hard cut to black on the swell	still
12 Outro	D2	...	2.0s	End card	(card)	'FOLLOW FOR PART 2'	static	n/a text card	n/a	-	-	sting → silence	CARD	Cut to black, end card	todo
