1	3UEieaTMQRs	2624524	Jun 1, 2025	INCREDIBLE Space Saving Furniture and Smart Home Design Ideas You Didn't Know Existed! 2025 Edition
2	8QZmnW9CobA	2569026	May 21, 2024	100 Coolest Amazon Gadgets and Inventions
3	ju8OkY4EE24	1904186	Jul 31, 2024	110 AMAZON Kitchen Gadgets That Are ACTUALLY Worth It | 2024 Compilation
4	lSDloxQ_8gc	1856511	Sep 13, 2024	120 Amazon SMART Home Gadgets That Will UPGRADE Your Apartment!
5	1KWoJRzla5M	1661853	Mar 8, 2025	200 Crazy Amazon Kitchen Gadgets You Didn't Know Existed!
6	5IFRK2SHoOc	1572005	Apr 22, 2025	100 Mind-Blowing TEMU Gadgets You'll Wish You Found Sooner!
7	Aeil41bypkw	1409473	Aug 3, 2024	150 NEWEST Amazon Gadgets For Your Home & Kitchen **BEST OF 2024**
8	1CzIZLicJuc	1316991	May 28, 2024	500 Greatest Amazon Gadgets Of 2024 [MEGA COMPILATION]
9	vRbVVKtRRvw	1289909	Aug 6, 2024	150 Coolest Amazon TOYS You'll Want At Any Age | BEST OF 2024
10	wg1zXTl0e_s	1212950	Mar 2, 2025	300 CLEVER Amazon Gadgets Everyone is BUYING! [Smart Gadgets To Simplify Your Life]
11	GCbKXztlatU	963429	Aug 24, 2024	150 Coolest AMAZON Gadgets You Didn't Know About! **MEGA Compilation**
12	8SzulpCEljI	952825	Oct 1, 2024	150 CHEAP Temu Gadgets That Are ACTUALLY Worth It!
13	3_PN-x-eGV0	926743	Jul 16, 2025	25 AMAZING NEW KITCHEN GADGETS You Can Buy On Amazon! *2025*
14	35Q7wCSX_Xc	920577	Oct 31, 2024	200+ Amazon COOKING Gadgets That Will SAVE You Time!
15	M9Ey29unzl4	834974	Sep 26, 2025	85 AMAZON Smart Home Gadgets That Will Make Your Life 1000 Times Easier!
16	0kS9YzYXgWc	828091	Feb 23, 2025	100 Crazy Amazon Kitchen Gadgets You Didn't Know Existed!
17	Zh7o7U60PV8	800869	Sep 1, 2024	110 Best Amazon CAR Gadgets That Will Upgrade Your Vehicle | 2025 Compilation
18	3EsAucKSBA8	791031	Sep 16, 2024	120 Amazon Kitchen Gadgets You Will Love In 2024!
19	W5_IkMo5Iow	778985	Jan 5, 2025	85 Amazon SMART Home Gadgets That Will UPGRADE Your Apartment!
20	fjihxC1cK2E	778199	Nov 13, 2024	150 CHEAP Temu Gadgets That Are Actually WORTH IT! [Home Appliances, Cooking, Cleaning ]
21	9Tmd9XkyOKE	756182	Jul 6, 2024	125 LATEST Amazon Gadgets You Must See (Summer 2024)
22	4gRSyZ3xjGg	754050	Nov 10, 2024	125 Amazon HOME Organization Gadgets You MUST SEE! | DECLUTTER Your Home
23	jKaDdThDD7s	728548	Dec 16, 2024	100 Amazon HOUSEHOLD Gadgets ACTUALLY Worth Buying!
24	xvQVCsWvcIw	704951	Jan 31, 2025	100 Amazon Gadgets That Will Simplify Your Household Chores!
25	zbE7ivcW9Jc	607703	Jun 11, 2024	200 Coolest Amazon Gadgets You Must See [BEST OF 2024 SO FAR]
