channel	dur	id	rank	set	subs	title	upload	views	affiliate	age_days	categories	chapters	comment_per_10k	comments	cta	desc_head	desc_len	fps	h	has_subs	hashtags	lang	like_rate_pct	likes	links	m_cuts	m_cuts_first10s	m_cuts_on_onset_pct	m_cuts_on_word_pct	m_cuts_per_min	m_dur	m_first_cut	m_first_word	m_fps	m_grid_step	m_h	m_harm_over_perc	m_longest_hold	m_max_pause	m_median_cut_to_word	m_median_shot	m_onsets	m_onsets_per_min	m_pct_shots_under2s	m_silent_pct	m_talk_pct	m_w	m_words	m_wpm	n_tags	recipe_in_desc	socials	tags	url	views_per_day	w
Casual Cooking	41	26p-npt4fTI	1	long	264000	Baking a tub of cookie dough like this..	20251024	10347866	True	299	Science & Technology	0	9.7	10000	True	This is what happens when you bake cookie dough like this. ⏎  ⏎ If you'd like to support the channel.. ⏎  ⏎ My Amazon affiliate link: ⏎ https://amzn.to/48xymnV ⏎  ⏎ -------------------------- ⏎ The above are affiliate links, which means, at no extra cost to you, I'll receive a small commission for purchases through those links. This helps support the channel, thank you. ⏎  ⏎ *Casual Cooking’s content is for entertain	893	30.0	720	False	0		2.77	286485	1	5	2	0		7.3	41.1	1.1		30.0	1.0	720	2.1	18.0	41.1		5.63	9	13.1	17	1	0	1280	0		2	True	False	cookie dough | cookies	https://www.youtube.com/watch?v=26p-npt4fTI	34608	1280
Casual Cooking	40	HfNhp_YHNxE	2	long	264000	Entire tub of cookie dough baked in a bread pan..	20251027	1671129	True	296	Science & Technology	0	6.0	1000	True	This is what happens when you bake cookie dough in a bread pan.  ⏎  ⏎ If you'd like to support the channel.. ⏎  ⏎ My Amazon affiliate link: ⏎ https://amzn.to/48xymnV ⏎  ⏎ -------------------------- ⏎ The above are affiliate links, which means, at no extra cost to you, I'll receive a small commission for purchases through those links. This helps support the channel, thank you. ⏎  ⏎ *Casual Cooking’s content is for ent	899	30.0	720	False	0		2.89	48295	1	7	2	14		10.5	40.0	1.93		30.0	1.0	720	2.09	13.6	40.0		2.87	5	7.5	25	1	0	1280	0		2	True	False	cookie dough | cookies	https://www.youtube.com/watch?v=HfNhp_YHNxE	5646	1280
Joshua Weissman Recipes 	550	ZLULwy2cXVE	3	long	856000	The Best Chocolate Chip Cookies Ever	20251222	1331116	False	240	Howto & Style	0	8.3	1100	True	My best homemade cookie recipe of all time. ⏎  ⏎ Recipe: https://www.joshuaweissman.com/recipes/the-best-chocolate-chips-cookies-recipe-ever ⏎  ⏎ Get My Cookbook: https://bit.ly/TextureOverTaste ⏎  ⏎ Additional Cookbook Options (other stores, international, etc.): https://bit.ly/WeissmanCookbook ⏎  ⏎ FOLLOW ME: ⏎ Instagram: https://www.instagram.com/joshuaweissman ⏎ Tik Tok: https://www.tiktok.com/@flakeysalt ⏎ Twitter	490	30.0	720	False	0	en-US	3.03	40368	7	106	1	0	93	11.6	549.5	5.8	0.29	29.97	3.0	720	0.83	20.6	15.6	0.13	3.4	1	0.1	24	8	90	1280	1830	223	21	True	True	joshua weissman | sat bawl pro | best chocolate chip cookies | chocolate chip cookies | best cookies ever | ultimate chocolate chip cookies | homemade chocolate chip cookies | easy cookie recipe | bakery style cookies | soft and chewy cookies | crispy edge chewy center cookies | perfect chocolate chip cookies	https://www.youtube.com/watch?v=ZLULwy2cXVE	5546	1280
Casual Cooking	52	AFBr-AnTtXE	4	long	264000	What if.. You bake Pillsbury Cookie Dough like this..	20250916	1230646	True	337	Science & Technology	0	11.4	1400	True	This is what happens when you bake Pillsbury Cookie Dough like this.  ⏎  ⏎ My Amazon affiliate link: https://amzn.to/3lU5L3i ⏎ My camera (Amazon affiliate link): https://amzn.to/3LgCklx ⏎ My lens (Amazon affiliate link): https://amzn.to/3wsppaL ⏎  ⏎ -------------------------- ⏎ The above are affiliate links, which means, at no extra cost to you, I'll receive a small commission for purchases through those links.	980	30.0	720	False	0		2.62	32190	3	4	1	0		4.6	51.9	4.44		29.97	1.0	720	2.51	17.9	51.9		12.3	9	10.4	0	1	0	1280	0		3	True	False	pillsbury cookie dough | pillsbury cookies | pillsbury	https://www.youtube.com/watch?v=AFBr-AnTtXE	3652	1280
Casual Cooking	42	DXoLCKDcwbk	5	long	264000	Baking a tub of cookie dough in a cake pan..	20251026	699957	True	297	Science & Technology	0	10.1	706	True	This is what happens when you bake cookie dough in a cake pan.  ⏎  ⏎ If you'd like to support the channel.. ⏎  ⏎ My Amazon affiliate link: ⏎ https://amzn.to/48xymnV ⏎  ⏎ -------------------------- ⏎ The above are affiliate links, which means, at no extra cost to you, I'll receive a small commission for purchases through those links. This helps support the channel, thank you. ⏎  ⏎ *Casual Cooking’s content is for ente	898	30.0	720	False	0		2.8	19597	1	7	0	0		10.0	42.0	10.23		30.0	1.0	720	1.98	13.1	42.0		2.31	6	8.6	50	0	0	1280	0		2	True	False	cookie dough | cookies	https://www.youtube.com/watch?v=DXoLCKDcwbk	2357	1280
Lilac's kitchen 	222	PLIOTjj_gmY	6	long	86100	وصفة كوكيز لشخص واحد (لذيذذة ) Chuncky single serve chocolate chip cookie (DELICIOUS)	20251128	656928	False	264	People & Blogs	0	14.6	962	False	Thanks for watching ⏎  ⏎ Single serve cookie:  ⏎ - 27g butter  ⏎ - 20g white sugar  ⏎ - 30g brown sugar  ⏎ - 1 egg yolk  ⏎ - 1/4 tsp vanilla  ⏎ - Pinch of salt  ⏎ - 45g flour  ⏎ - 1/4 tsp baking soda  ⏎ - 90g chocolate chips  ⏎  ⏎ كوكيز لشخص واحد:  ⏎  - 27 جرام زبدة  ⏎ - 20 جرام سكر أبيض  ⏎ - 30 جرام سكر بني  ⏎ - صفار بيضة واحدة ⏎  - 1/4 ملعقة صغيرة فانيليا ⏎  - رشة ملح  ⏎ - 45 جرام دقيق ⏎  - 1/4 ملعقة صغيرة بكينج صودا  ⏎  - 90 جرام رقائق ا	409	30.0	720	False	0		5.61	36856	0	0	0			0.0	222.0			30.0	2.0	720	1.96	222.0	222.0		221.98	2	0.5	0	2	0	1280	0		0	True	False		https://www.youtube.com/watch?v=PLIOTjj_gmY	2488	1280
a little calm	410	1gcLatHJa8o	7	long	374000	Chewy Chocolate Chip Cookies ♡ Bake With Me	20250917	565838	False	336	People & Blogs	0	7.4	421	True	Hi everyone ♥️ I finally got around to making a full batch of my single serve chocolate chip cookie :) I hope you guys like it! And they're still eggless :) ⏎  ⏎ This recipe makes 6 large cookies (4 tbsp each) or 12 regular sized cookies (2 tbsp each) ⏎  ⏎ *Chocolate Chip Cookies* ⏎ 3/4 cup (170g) melted butter (salted or unsalted) ⏎ 3/4 cup (150g) light brown sugar  ⏎ 1/3 cup (65g) granulated sugar ⏎ 1 and 1/2 t	1171	30.0	720	False	0		3.43	19400	0	47	2	9		6.9	410.3	5.74		29.97	3.0	720	1.82	71.2	410.3		3.6	11	1.6	8	11	0	1280	0		0	True	False		https://www.youtube.com/watch?v=1gcLatHJa8o	1684	1280
Preppy Kitchen	512	qK-ZOlrv2BM	8	long	6180000	Chewy Oatmeal Chocolate Chip Cookies Recipe	20251007	331522	True	316	Howto & Style	0	7.5	250	True	These delicious oatmeal chocolate chip cookies have JUST the right combination of crisp on the outside, chewy on the inside amazingness and of course big notes of chocolate, butter, and just the right hit of salt. I LOVE the textrure you can only get from using oats. It makes the cookies so much heartier and I find the toothiness really enjoyable. Add your favorite mix ins like toasted walnuts or 	948	24.0	676	False	0		2.38	7882	6	109	3	0	67	12.8	511.7	3.54	0.13	24.0	3.0	676	0.66	19.9	11.5	0.23	3.48	1	0.1	23	13	69	1280	1272	216	18	False	False	Preppy kitchen | John kanell | cookies | oatmeal chocolate chip cookies | easy oatmeal cookies | chocolate chip cookies | oatmeal cookie recipe | oatmeal cookies | cookie recipe | soft oatmeal chocolate chip cookies | easy oatmeal chocolate chip cookies | chewy oatmeal chocolate chip cookies	https://www.youtube.com/watch?v=qK-ZOlrv2BM	1049	1280
Pinch Of Warmth	300	f4My3oGalqo	9	long	42500	NYC Style Chocolate Chip Cookies From 1 Dough ♡ Bake With Me	20260123	220210	False	208	Howto & Style	0	20.3	448	False	Thick, soft, chunky NYC style cookies in three flavours — all made from one dough and baked to gooey perfection.  ⏎ INGREDIENTS ⏎ BASE DOUGH ⏎  ⏎ • 1¼ cups (285 g) softened unsalted butter ⏎ • ½ cup (110 g) brown sugar ⏎ • ¾ cup (150 g) granulated sugar ⏎ • 3 large eggs (150 g without shells) ⏎ • 3 teaspoons vanilla extract ⏎ • 3½ cups (420 g) all‑purpose flour ⏎ • ½ teaspoon (3 g) salt ⏎ • 2 teaspoons (8 g) baking pow	2250	30.0	720	False	13		3.38	7451	0	1	1	0		0.2	300.0	2.57		30.0	3.0	720	0.47	297.4	300.0		149.98	1	0.2	0	94	0	1280	0		6	True	False	How to make chocolate chip cookies | How to make NYC style cookies | How to make levain cookies | How to make big cookies | How to make red velvet cookies | How to make double chocolate chip cookies	https://www.youtube.com/watch?v=f4My3oGalqo	1059	1280
Savor Easy	143	3OHIS5IoRtA	10	long	1310000	Viral Mini Chocolate Chip Cookie - No Chill	20260116	195708	False	215	Howto & Style	0	4.9	96	False	How to make Mini Chocolate Chip Cookie. ⏎  ⏎ Here's what you'll need: ⏎ 1/2 cup brown sugar (100g) ⏎ 1/2 cup granulated sugar (100g) ⏎ 1/2 cup brown butter (125ml) salted ⏎ 1 large egg ⏎ 1 tsp vanilla extract (5ml) ⏎ 1.5 cups flour (190g) ⏎ 1/2 tsp baking powder ⏎ 1/2 tsp baking soda ⏎ a pinch of salt ⏎ 1 cup mini chocolate chips ⏎  ⏎ 1. Preheat oven at 175C or 350F. Cook butter over medium heat until golden brown, about 5 t	1163	50.0	720	False	0		2.2	4303	0	0	0			0.0	142.8			50.0	2.0	720	1.3	142.8	142.8		142.78	6	2.5	0	0	0	1280	0		4	True	False	chocolate chip cookie | mini chocolate chip cookie | chocolate chip cookie minis | savor easy	https://www.youtube.com/watch?v=3OHIS5IoRtA	910	1280
Pinch Of Warmth	270	8909Nv2EqhQ	11	long	42500	I Made the Thickest Brown Butter Cookies Ever ♡ Bake With Me	20260422	244904	False	119	Howto & Style	0	19.0	466	False	🍪 Browned‑Butter Chocolate Chunk Cookies ⏎ INGREDIENTS (grams + cups) ⏎  ⏎ • ¾ cup unsalted butter = 170 g — brown this ⏎ • ¼ cup unsalted butter = 57 g — add to browned butter to make it creamy ⏎ • Brown sugar: 100 g (½ cup) ⏎ • White sugar: 75 g (⅓ cup) ⏎ • Eggs: 2 large (100 g) ⏎ • Vanilla extract: 2 tsp ⏎ • All‑purpose flour: 350 g (2¾ cups) ⏎ • Salt: 2 g (½ tsp) ⏎ • Baking powder: 6 g (1½ tsp) ⏎ • Cornstarch: 6 g (2	2115	30.0	720	False	23		4.1	10051	0	4	0	0	0	0.9	269.9	47.5	238.79	30.0	3.0	720	0.28	138.3	238.8	41.03	46.27	7	1.6	20	91	0	1280	2		7	True	False	How to make brown butter cookies | Thick brown butter cookies | How to make thick cookies | Chunky cookies | Gooey cookies | Soft cookies | Chewy cookies	https://www.youtube.com/watch?v=8909Nv2EqhQ	2058	1280
Cookie Kitchen Tv	307	kS_Clm3FA7o	12	long	16500	New Style Chocolate Chip Cookie Recipe ( All From One Dough!)	20260218	182476	False	182	Education	0	9.4	171	True	You Have To Try These Amazing American Mini Cookie Pies | You’ll Make Them Every Week! 🍪🥧 ⏎  ⏎ If you love classic American desserts like chocolate chip cookies and mini pies, this recipe is about to become your new favorite! These American Mini Cookie Pies are soft, chewy, buttery, and made from just one simple dough. Yes — one dough, endless possibilities! ⏎  ⏎ Perfect for parties, holidays, bake sales,	1407	60.0	720	False	10		3.87	7060	1	59	1	0		11.5	306.7	8.48		60.0	3.0	720	0.53	25.3	306.7		3.53	4	0.8	27	70	0	1280	0		26	True	False	mini cookie pies | american desserts | cookie pie recipe | easy dessert recipes | weekly baking | delicious mini pies | homemade cookies | sweet treats | baking ideas | dessert ideas | pie recipes | mini desserts	https://www.youtube.com/watch?v=kS_Clm3FA7o	1003	1280
Piper's Gold	15	vYA2RDDWfOg	13	long	6650	Decadent Molten Chocolate Chip.	20251231	13931018	False	231	People & Blogs	0	0.0	3	False	A soft cookie made richer with a molten chocolate heart.	56	25.0	720	False	0		0.0	29	0	2	2	0	0	8.0	15.1	3.44	10.28	25.0	1.0	720	1.91	10.4	10.3	6.22	3.44	4	15.9	33	6	20	1280	5		0	False	False		https://www.youtube.com/watch?v=vYA2RDDWfOg	60307	1280
Nestlé Toll House	15	DzV36K1H7RY	14	long	43800	Nothings better than the original Chocolate Chip Cookies! Peyton Manning x Nestle Toll House	20251001	2213194	False	322	Howto & Style	0	0.0	4	False		0	24.0	720	False	0		0.0	15	0	4	3	0	75	15.9	15.1	1.83	0.17	23.98	1.0	720	0.51	5.0	2.3	0.26	2.81	1	4.0	40	3	71	1280	27	151	0	False	False		https://www.youtube.com/watch?v=DzV36K1H7RY	6873	1280
Crumbl	32	XQvB5w_cHHA	15	long	3180000	Martha Stewart's Chocolate Chip Cookie Thins, Mile-High Lemon Pie, & More! | Crumbl	20251103	3794030	False	289	People & Blogs	0	0.3	101	False	The table is set. Martha Stewart’s Crumbl menu is here! 💛🍽️ Nov 3–8 👇 ⏎  ⏎ 🍓 NEW YORK CHEESECAKE (NEW) ⏎ A classic New York–style cheesecake in a graham cracker crust garnished with fresh strawberries. ⏎  ⏎ 🍫 CLASSIC FUDGE BROWNIE (NEW) ⏎ A fudgy brownie finished with a glossy chocolate glaze and white chocolate drizzle. ⏎  ⏎ 🍪 MARTHA STEWART'S CHOCOLATE CHIP COOKIE THINS (NEW) ⏎ Delicately crisp cookies with caram	1029	24.0	720	False	0		0.01	428	0	7	3	0		12.9	32.5	3.67		24.0	1.0	720	3.04	9.0	32.5		3.65	10	18.5	25	2	0	1280	0		0	False	False		https://www.youtube.com/watch?v=XQvB5w_cHHA	13128	1280
Koreanosh	23	u2XhUfvMC7E	1	short	4440000	S’mores or Chocolate Chip Cookies? 🍪	20250515	99334811	False	461	Gaming	0	0.6	5800	False		0	60	1280	False	0	en-US	0.0		0	5	2	20	40	12.9	23.3	1.23	0.7	60.0	1.0	1280	1.87	6.8	2.3	0.48	3.31	5	12.9	17	2	26	720	20	200	0	False	False		https://www.youtube.com/watch?v=u2XhUfvMC7E	215477	720
Hey It's Honeysuckle	79	9t3tFhoOOps	2	short	2960000	Testing a Cookie Dough Recipe from TikTok! 🍪	20250607	21486743	False	438	People & Blogs	0	1.1	2400	False		0	24	1280	False	0	en	0.0		0	19	0	0	100	14.4	79.3	12.22	0.05	23.98	1.0	1280	1.19	12.8	0.2	0.05	2.98	2	1.5	40	0	100	720	293	222	0	False	False		https://www.youtube.com/watch?v=9t3tFhoOOps	49056	720
FutureCanoe	120	hv5qFlTJ6Fs	3	short	4850000	Supposedly The BEST choco chip cookie from @buzzfeedtasty	20250127	18760737	False	569	Howto & Style	0	2.9	5400	False	#chocolate #cookies #chocolatechipcookies	41	30	1280	False	3	en	0.0		0	21	5	0	95	10.5	120.1	1.93	1.98	30.0	2.0	1280	1.11	16.9	4.0	0.06	5.12	5	2.5	36	1	89	720	396	223	0	False	False		https://www.youtube.com/watch?v=hv5qFlTJ6Fs	32971	720
Birchberry	26	obKCe-OP3rQ	4	short	82400	Nutella stuffed brown butter cookies 🍪🤍🌸🍫	20250320	17728271	False	517	People & Blogs	0	0.4	714	False	Sounds of Baking | Part 2 🎧 ⏎  ⏎ Full recipe is on our website, Birchberryco.com. ⏎  ⏎ Our first product is launching in the U.S. in 2025! Sign up for our email list to get updates and be the first in line! ⏎  ⏎ #nutella #nutellacookies #chocolatechipcookies #baking #brownbutter #cookies #dessert #bakingrecipe #bakingtherapy #aesthetic #asmr	331	30	1280	False	11		0.0		0	3	0	0		7.0	25.6	17.33		30.0	1.0	1280	1.75	17.3	25.6		3.46	2	4.7	50	2	0	720	0		0	False	False		https://www.youtube.com/watch?v=obKCe-OP3rQ	34291	720
Ashley Markle Treats	61	T41Oe_H4VCA	5	short	430000	viral mini chocolate chip cookies recipe 🍪🥛 #shorts #chocolate #easyrecipe #easydessert #baking	20250505	16106609	False	471	Howto & Style	0	5.3	8600	False	MINI CHOCOLATE CHIP COOKIES 🍪🥛 ⏎  ⏎ Ingredients: ⏎ 12 individual @pillsbury chocolate chip cookies ⏎ milk (preferred amount) ⏎  ⏎ Instructions: ⏎ Divide each cookie dough square into 4 mini pieces and roll into balls. Place mini cookies 1 inch apart on a parchment lined baking sheet and FREEZE for about 15 minutes in order to cook and retain their shape. Bake mini cookies at 350º for 6-7 minutes. Allow to cool 	566	30	1280	False	5		0.0		0	17	2	6		16.7	61.1	1.87		29.95	1.0	1280	0.56	11.7	61.1		1.57	7	6.9	56	53	0	720	0		0	True	True		https://www.youtube.com/watch?v=T41Oe_H4VCA	34197	720
Iramsfoodstory 	16	eNzWAWN2hsM	6	short	240000	Bakery style thick chocolate chip cookies 🍪	20251101	14684182	False	291	People & Blogs	0	0.9	1300	False	Thick chocolate chip cookies  ⏎  ⏎ Ingredients  ⏎  ⏎ 2 1/4 (285g) cups all purpose flour  ⏎ 1/4 tsp baking soda ⏎ 1/2 tsp baking powder  ⏎ 1 tsp corn starch  ⏎ 1 cup (200g) dark brown sugar  ⏎ 3 tbsp (37g) granulated sugar  ⏎ 1 egg + 1 egg yolk, cold ⏎ 1 cup (225g) unsalted butter, cold  ⏎ 1 tbsp vanilla bean paste ⏎ 1 cup (250g) semi sweet chocolate chips  ⏎ 1/2 cup (125g) milk chocolate chunks ⏎ Pinch of salt ⏎ 1/2 tsp instant	1377	30	1280	False	0		0.0		0	2	0	0		7.7	15.6	11.97		30.0	1.0	1280	0.8	12.0	15.6		1.83	1	3.8	67	3	0	720	0		0	True	False		https://www.youtube.com/watch?v=eNzWAWN2hsM	50461	720
Ashley Markle Treats	66	VHutIcveQDQ	7	short	430000	viral nutella stuffed chocolate chip cookies recipe 🍪🍫#shorts  #nutella #easydessert #easyrecipe	20250416	12979822	False	490	Howto & Style	0	1.0	1300	False	NUTELLA STUFFED COOKIES 🍪🍫🤤 ⏎  ⏎ Ingredients: ⏎ 4 dollops Nutella hazelnut spread ⏎ 4 slices Pillsbury chocolate chip cookie dough ⏎  ⏎ Instructions: ⏎ On a parchment lined baking sheet, place 4 dollops of Nutella spread and freeze for 30-60 minutes or until firm. Press slices of cookie dough flat and place 1 frozen Nutella dollop in the center of each slice. Form the dough around the Nutella to cover each doll	630	30	1280	False	4		0.0		0	18	2	6		16.5	65.5	7.37		29.97	1.0	1280	1.07	11.7	65.5		2.23	9	8.2	47	31	0	720	0		0	True	False		https://www.youtube.com/watch?v=VHutIcveQDQ	26489	720
Mad About Food	29	NbAaf79K4f4	8	short	31300	Salted Brown Butter Chocolate Chunk Cookies 🍪✨	20260228	12909584	False	172	People & Blogs	0	1.2	1600	False		0	30	1280	False	0	en	0.0		0	5	1	0	0	10.2	29.4	5.3	0.19	30.0	1.0	1280	0.91	7.2	25.0	10.25	5.12	2	4.1	17	5	14	720	25		0	False	False		https://www.youtube.com/watch?v=NbAaf79K4f4	75056	720
Foodporn	82	W5GSWMin8Fw	9	short	2900000	Making Michelin star chocolate chip cookies with @sable_boulangerie 🍪🤯	20260318	11630064	False	154	Entertainment	0	4.3	5000	False		0	30	1280	False	0	ja	0.0		0	15	3	7	0	11.0	82.1	5.97	17.06	29.97	1.0	1280	4.35	14.0	45.6	10.09	2.77	11	8.0	44	1	1	720	4		0	False	False		https://www.youtube.com/watch?v=W5GSWMin8Fw	75520	720
Ashley Markle Treats	73	E5t1qq6u0hI	10	short	430000	viral biscoff stuffed chocolate chip cookies recipe 🍪🍯 #shorts #biscoff #easydessert #easyrecipe	20250508	10246428	False	468	Howto & Style	0	0.7	667	False	BISCOFF STUFFED CHOCOLATE CHIP COOKIES 🍪🍯🤤 ⏎  ⏎ Ingredients: ⏎ 4 dollops Lotus Biscoff cookie butter ⏎ 4 slices Pillsbury chocolate chip cookie dough ⏎  ⏎ Instructions: ⏎ On a parchment lined baking sheet, place 4 dollops of biscoff cookie butter and freeze for 30-60 minutes or until firm. Press slices of cookie dough flat and place 1 frozen biscoff dollop in the center of each slice. Form the dough around the 	656	30	1280	False	4		0.0		0	12	2	8		9.9	72.6	3.67		30.0	1.0	1280	0.35	14.5	72.6		5.0	3	2.5	15	73	0	720	0		0	True	False		https://www.youtube.com/watch?v=E5t1qq6u0hI	21894	720
Jesha Ann Stevens	34	hUCchS2Rs9Y	11	short	1890000	Chocolate chip sourdough AND homemade whipped vanilla brown butter #sourdough #sourdoughbread #bread	20241001	8635300	False	687	People & Blogs	0	1.5	1300	False		0	60	1280	False	0	en	0.0		0	5	2	20	40	8.7	34.4	2.9	0.28	60.0	1.0	1280	2.12	12.6	24.5	5.59	5.35	3	5.2	33	1	25	720	18	128	0	False	False		https://www.youtube.com/watch?v=hUCchS2Rs9Y	12570	720
Tayyaba kiran	179	K5XJOJQ_z9E	12	short	1410000	A Peaceful Day: Baking choco chip cookies & Pakora Kadhi #pakistan #cooking #uk #cleaning #trending	20250629	8245518	False	416	People & Blogs	0	1.7	1400	False	I bought MECLAY LONDON Thick & Dense Shampoo at amazing discounted price from Daraz.  ⏎ Link Below:  ⏎ https://s.daraz.pk/s.bdiAV	125	30	1280	False	0	hi	0.0		1	36	4	6	75	12.0	179.4	0.1	0.05	30.0	2.0	1280	2.94	35.8	18.7	0.09	2.27	6	2.0	41	1	76	720	643	282	0	False	False		https://www.youtube.com/watch?v=K5XJOJQ_z9E	19821	720
Jose.elcook	70	n4_v0hhO4JA	13	short	5120000	GIANT chocolate chip cookies will put you in a coma and then revive you. #cookies #baking	20250411	7084428	False	495	Howto & Style	0	4.5	3200	False		0	30	1280	False	0	en-US	0.0		0	12	1	0	92	10.2	70.4	6.0	0.13	30.0	1.0	1280	1.09	13.1	3.2	0.09	5.13	2	1.7	15	1	91	720	260	242	0	False	False		https://www.youtube.com/watch?v=n4_v0hhO4JA	14312	720
Jenny Hoyos	13	-02rCdlWQwA	14	short	12400000	the only cookies i accept are chocolate chip 🍪	20250609	6474552	False	436	Entertainment	0	0.7	438	False	#funny	6	30	1280	False	1	en	0.0		0	0	0			0.0	13.2		0.19	30.0	1.0	1280	0.75	13.2	0.7		13.24	4	18.1	0	7	82	720	48	265	0	False	False		https://www.youtube.com/watch?v=-02rCdlWQwA	14850	720
AррIе​​‍‍‍‍ㅤ	60	S--5x7WFE2E	15	short	1770000	Minivlog#465 🙆🏻‍♀️Ungaluku endha recipe yepome sodhapitruku😂Chocolate chip cookies #diml #cookies	20250806	6351842	False	378	People & Blogs	0	0.3	198	False	Minivlog#465 🙆🏻‍♀️Ungaluku endha recipe yepome sodhapitruku😂Chocolate chip cookies #diml #cookies	97	60	1280	False	3	en-US	0.0		0	13	1	0	62	13.0	60.0	1.53	0.21	60.0	1.0	1280	2.05	13.0	19.5	0.1	3.08	11	11.0	50	1	61	720	217	356	0	False	False		https://www.youtube.com/watch?v=S--5x7WFE2E	16804	720
miso butter baby	39	Bnfz-vJg1AI	16	short	16700	🍪 😋brown butter chocolate chip cookies                     #chocolatechipcookies #chocolaterecipe	20241018	5663382	False	670	People & Blogs	0	2.1	1200	False	https://misobutterbaby.com/chocolate-chip-cookie-recipe/ ⏎ #chocolatechipcookierecipe #cookies	92	30	1280	False	2	en	0.0		1	7	2	0	100	10.7	39.2	5.33	0.27	30.0	1.0	1280	1.28	12.9	1.7	0.04	3.85	1	1.5	25	1	90	720	139	236	7	False	False	cookies | chocolate | chocolate chip cookies | best cookies | easy cookies | gilmore girls | dessert ideas	https://www.youtube.com/watch?v=Bnfz-vJg1AI	8453	720
Chuchington	38	TlryZMc6nmw	17	short	2830000	How to Make the BEST Cookies This Christmas	20241207	5546693	False	620	Entertainment	0	2.9	1600	False	#shorts #cookies #chocolate #chocolatechip #santa #christmas #cookierecipe	74	30	1280	False	7	en-US	0.0		0	5	1	0	80	7.9	38.2	1.87	0.07	30.0	1.0	1280	1.32	18.0	8.1	0.09	4.63	1	1.6	33	1	75	720	114	238	0	False	False		https://www.youtube.com/watch?v=TlryZMc6nmw	8946	720
Louis Gantus	34	6elCoGd6g8w	18	short	2540000	I found the best cookie #cooking #recipe #foodasmr #food	20250307	4960893	False	530	People & Blogs	0	1.1	562	False		0	30	1280	False	0	en-US	0.0		0	7	2	0	100	12.5	33.5	2.0	0.05	29.97	1.0	1280	0.86	13.2	0.4	0.08	2.81	1	1.8	12	0	99	720	145	263	0	False	False		https://www.youtube.com/watch?v=6elCoGd6g8w	9360	720
The Hayeks	52	0uu4E3SaMz4	19	short	4000000	homemade s’more cookies 🍪 #baking #cookies #asmrcooking #shorts #recipe	20250516	4554061	False	460	People & Blogs	0	3.7	1700	False		0	30	1280	False	0		0.0		0	10	1	10		11.6	51.5	6.87		30.0	1.0	1280	0.95	10.9	51.5		4.77	6	7.0	36	4	0	720	0		0	False	False		https://www.youtube.com/watch?v=0uu4E3SaMz4	9900	720
TheContrarianMoney	30	KPrr6x8lwJM	20	short	320000	The Best Chocolate Chip Cookies 🍪	20260112	4499195	False	219	People & Blogs	0	1.9	847	False	The Best Chocolate Chip Cookies 🍪 ⏎  ⏎ This is the best and only chocolate chip cookie recipe you will ever need. These are my mom’s famous cookies she’s been making forever, and she finally said I could share them. They’re soft, chewy, loaded with chocolate, and made with simple ingredients you already have at home. ⏎  ⏎ Ingredients ⏎  ⏎ • 1½ cups butter, softened (3 sticks) / 340 g ⏎ • 1¼ cups granulated suga	1198	30	1280	False	0	en	0.0		0	5	3	0	100	10.1	29.8	4.3	0.11	30.0	1.0	1280	0.82	16.5	0.1	0.04	3.04	2	4.0	33	2	100	718	128	259	0	True	False		https://www.youtube.com/watch?v=KPrr6x8lwJM	20544	718
