rank	id	views	dur_s	upload	w	h	subs	channel	title
1	vYA2RDDWfOg	13931018	15	20251231	1920	1080	6650	Piper's Gold	Decadent Molten Chocolate Chip.
2	26p-npt4fTI	10347562	41	20251024	1920	1080	264000	Casual Cooking	Baking a tub of cookie dough like this..
3	XQvB5w_cHHA	3794030	32	20251103	1280	720	3180000	Crumbl	Martha Stewart's Chocolate Chip Cookie Thins, Mile-High Lemon Pie, & More! | Crumbl
4	DzV36K1H7RY	2213194	15	20251001	1920	1080	43800	Nestlé Toll House	Nothings better than the original Chocolate Chip Cookies! Peyton Manning x Nestle Toll House
5	ECqc9z6r7jc	2018325	15	20251001	1920	1080	43800	Nestlé Toll House	Nestle Toll House Chocolate Chip Cookies are the way to go! Take it from Peyton Manning🍪
6	HfNhp_YHNxE	1671114	40	20251027	1920	1080	264000	Casual Cooking	Entire tub of cookie dough baked in a bread pan..
7	ZLULwy2cXVE	1331098	550	20251222	3840	2160	856000	Joshua Weissman Recipes 	The Best Chocolate Chip Cookies Ever
8	AFBr-AnTtXE	1230604	52	20250916	1920	1080	264000	Casual Cooking	What if.. You bake Pillsbury Cookie Dough like this..
9	wQjb1ZPohJ0	1176270	572	20251222	3840	2160	3510000	Aejeong Mukbang	두바이쫀득쿠키는 사드세요..직접만든 두바이쫀득쿠키 먹방🍫Dubai Chewy Cookies Mukbang ASMR
10	T6ChmG9Ak3o	977564	326	20260606	1920	1080	768000	haeryn	NGIDE BIKIN CHEWY COOKIE BAHAN SEADANYA || Haeryn & Haechie (DramaAvatarWorld)
11	dJpbFmXHRJQ	790273	239	20260213	1920	1080	222000	The Simple Way with Delilah	3-Ingredient Peanut Butter Oatmeal Cookies | Soft, Simple & So Good
12	nNh6PhmaQy8	774641	487	20260527	1920	1080	16500	Cookie Kitchen Tv	New Style Tiramisu Cookie Recipe | Summer Recipe
13	DXoLCKDcwbk	699926	42	20251026	1920	1080	264000	Casual Cooking	Baking a tub of cookie dough in a cake pan..
14	MHTLohTMb6I	660423	280	20251112	2560	1440	20500	Cookie Corner	I can't stop making these Italian Cookies - Too Easy and Too Good
15	PLIOTjj_gmY	656911	222	20251128	1920	1080	86100	Lilac's kitchen 	وصفة كوكيز لشخص واحد (لذيذذة ) Chuncky single serve chocolate chip cookie (DELICIOUS)
16	mc5UgP3JxB8	599290	294	20251001	1280	720	1460000	Friends	Phoebe's Secret Cookie Recipe | Friends
17	1gcLatHJa8o	565811	410	20250917	3840	2160	374000	a little calm	Chewy Chocolate Chip Cookies ♡ Bake With Me
18	HBDsQVzA4ak	470736	515	20250913	1920	1080	76200	COCO-NAHD by Dhan Tandel	✨Cookies in 10 minutes, Melt in your Mouth, You'll Make Them Everyday!
19	7zm37vOLdvM	470504	259	20260514	1600	1200	125000	Skunx Studios	It's me, it's Omeletteman's Cookie Tutorial!
20	-1glmnhygBo	444386	30	20251001	1920	1080	43800	Nestlé Toll House	Peyton Manning knows the Nestle Toll House Chocolate Chip Cookie Magic 🍪Get Yours Today!
21	TroS7UUDvCw	431368	395	20260210	3840	2026	6180000	Preppy Kitchen	Easy No Bake Cookies Recipe
22	WBV9bgwMvK8	342266	292	20260618	1920	1080	21100	Sweet Country Cooking In Michigan	3-Ingredient Cookies That Taste Exactly Like Brownies! (No Flour)
23	1yl42ZuKJrs	341966	425	20260719	1920	1080	106000	Small Town Southern Wife	3 Ingredient Cookies-Little Round Brownies
24	I6FjixsH10Y	336872	292	20251130	1920	1080	20000	Mamagourmand	Best Italian Almond Cookies Recipe | Soft, Chewy & Flourless
25	qK-ZOlrv2BM	331456	512	20251007	3840	2026	6180000	Preppy Kitchen	Chewy Oatmeal Chocolate Chip Cookies Recipe
26	zPJdKPGhho4	314697	156	20251207	1920	1080	177000	Chef Ananya Tulshyan	I Tried the Viral Cookie Tin Trend... Eggless Version! 🍪
27	DsFQJJ7Haj8	250581	458	20251127	3840	2026	6180000	Preppy Kitchen	Easy Cake Mix Cookies Recipe
28	8909Nv2EqhQ	244895	270	20260422	1920	1080	42500	Pinch Of Warmth	I Made the Thickest Brown Butter Cookies Ever ♡ Bake With Me
29	eZexrLnENlQ	235203	513	20251004	1920	1080	2040000	Nuriku ASMR	ASMR MILO CEREAL BALLS, KOKO KRUNCH COOKIE, NESTLE TRIX, SIMBA CHOCO CHIPS SEREAL COKELAT 🥣
30	lZ7hCwRfOYU	228509	33	20260223	3840	2160	3180000	Crumbl	Yellow Sheet Cake, Lemon Glaze Cookie, & More! | Crumbl
31	syMSrbKS8Iw	227315	180	20260120	3840	2160	139000	easy cooking with das	Bakery Style Atta Cookies | 100% Wheat Eggless Biscuits | Crispy Tea Time Cookies
32	jfOjHGlvWYM	227219	35	20260302	3840	2160	3180000	Crumbl	Cinnamon Square, Galaxy Brownie Cookie, & More! | Crumbl
33	RD1Ax9C_IrM	225350	359	20260518	3840	2160	51300	Ba Boo TV	Buying American Cookies and Chocolate ASMR 🍪🍫 Huge Snack Collection
34	f4My3oGalqo	220259	300	20260123	1920	1080	42500	Pinch Of Warmth	NYC Style Chocolate Chip Cookies From 1 Dough ♡ Bake With Me
35	_5sYXU4QZEU	216768	417	20260223	1920	1080	1520000	One Bite Pizza Reviews	Barstool Pizza Review - Hi Hat (San Francisco, CA) Bonus Chocolate Chip Cookie Review
36	oy4VH70Sz-E	211852	418	20250829	1920	1080	208000	VNM ASMR	ASMR Nutella Stuffed Chocolate Chip Cookies Mukbang
37	3OHIS5IoRtA	195708	143	20260116	1920	1080	1310000	Savor Easy	Viral Mini Chocolate Chip Cookie - No Chill
38	ZCuTvd7QpVg	192822	464	20260209	1920	1080	4290000	CR COOK	RESEP DUBAI CHEWY COOKIE !!! PAKE TIPS INI DI JAMIN KENYAL LEMBUT ANTI GAGAL
39	MEy9Gx0cECU	191005	439	20250819	3840	2160	198000	PlantbasedBrandon	Chickpea Cookies? 🤯  They Actually Taste Amazing!
40	jOdIIfKhUqQ	182674	309	20260302	3840	2160	472000	Sugar Spun Run	How Much Sugar Can You Remove Before It Ruins a Cookie?
41	kS_Clm3FA7o	182443	307	20260218	3840	2160	16500	Cookie Kitchen Tv	New Style Chocolate Chip Cookie Recipe ( All From One Dough!)
42	jaQGbKD1Mxk	182367	216	20260205	3840	2160	975	AllDay Meal	Dubai Chewy Cookie | Dujjonku | Soft & Chewy Recipe 🍫💚🟤 Valentine's Day
43	FdEMULBVpjw	174173	517	20251108	3840	2026	6180000	Preppy Kitchen	The BEST Chocolate Chip Cookie Bars Recipe
44	91GGIRt6Bzs	171830	559	20260421	3840	2026	6180000	Preppy Kitchen	Easy Cookie Cake Recipe
45	ZmLaVhoHERI	171121	208	20260127	1920	1080	5040000	Vismai Food	ఈ రోజుల్లో అందరూ వెతుకుతున్న Healthy Cookies 🍪 | 0% Maida 0% Sugar | Gluten Free Oats Cookies
46	6ATrEjbiKro	166887	201	20260317	1920	1080	None	Food Fusion	Classic Chocolate Skillet Cookie Recipe By Food Fusion
47	uw-oO-mJ-3E	159994	445	20260706	3840	2160	14800	life with tuyen | homecafe	The Best Banana Bread Chocolate Chip Cookies Ever 🍌 Bake With Me
48	HZ6CygKCTIc	159128	580	20260224	1280	720	13000000	Receitas de Pai	COOKIE COM GOTAS DE CHOCOLATE FÁCIL E PERFEITO - DERRETE NA BOCA - Receitas de Pai
49	JlYbO8kgvgE	157034	546	20260526	3840	2026	6180000	Preppy Kitchen	Delicious Banana Oatmeal Cookies Recipe
50	GIL1zIbvkJo	154368	193	20251013	3840	2160	4650000	Chocolate Cacao チョコレートカカオ	"HALUMONDE" Easy spring roll wrapper crispy chocolate cookies
51	f8_a6xU1Ja4	146876	519	20260109	1920	1080	3360000	atha naufal	SOFT COOKIES
52	WyyOWqnwyXw	141752	482	20260514	3840	2160	17400	moonie bakie	The best Strawberry Cheesecake Chunks Cookies 🍓 Cozy Baking
53	Tetls8KS5ks	139776	319	20251010	1920	1080	1240	paintfoodie	The Secret to the Gooey, Chewy, Perfect Chocolate Chip Cookie!
54	xxnvv-TTqlY	132497	573	20260305	1920	1080	5320000	ZOEY ASMR 조이	ASMR MUKBANG | DUBAI CHEWY COOKIE 두바이쫀득쿠키 먹방 EATING SOUNDS | ZOEY ASMR 조이
55	R1Qfda90W58	130701	515	20260217	3840	2026	6180000	Preppy Kitchen	Easy Peanut Butter Chocolate Chip Cookies Recipe
56	ZfLtGB35gnU	127996	415	20250918	3840	2026	6180000	Preppy Kitchen	Amazing Chocolate Chip Pumpkin Bread Recipe
57	RN3e4VJaLFQ	118511	344	20260107	3840	2160	1320000	NYT Cooking	Double Chocolate Cookies That’ll Ruin All Other Cookies for You | Samantha Seneviratne | NYT Cooking
58	rMIsJfEkCjI	115574	407	20251017	3840	2160	374000	a little calm	Brown Butter Mini Chocolate Chip Cookies ♡ Bake With Me
59	Cmjo3RMKBWE	115316	57	20260501	1920	1080	272000	HolyDuck	Ladybugs are Chocolate Chip Cookies
60	NiQ32NxRHSg	114202	390	20260519	3840	2026	6180000	Preppy Kitchen	Easy Chocolate Chip Muffins Recipe
61	zhsW25M_8uw	106690	329	20260711	1920	1080	10000	@ASMR_by_Moly	Candies and Sweets 😍 Mega Shopping! Milka, Snickers , Chocolate , Cookies . Shopping a lot of candy
62	Dy6Mg5JU85U	104081	268	20260111	1920	1080	89900	Dhairya Hasija	The VIRAL cookie tin | EGGLESS
63	ya5sak9_z_E	103548	417	20260221	3840	2160	671000	Glen And Friends Cooking	I Tried a 19th Century Cookie Trick… and It Changed EVERYTHING
64	Z9dNAu7gZbo	103157	168	20251108	1920	1080	8040000	Hebbars Kitchen	Eggless Karachi Biscuits | Tutti Frutti Cookies | Crispy Bakery Style Biscuits | Tea Time Snack
