u2XhUfvMC7E	20250515	23	99334778	1080	1920	4440000	989991	5800	Koreanosh	S’mores or Chocolate Chip Cookies? 🍪
7MdnSA4a9E8	20230529	15	76145502	720	1280	3460000	2256339	18000	Fitwaffle Kitchen	Which is the best layer? #cookie #shorts
QvLeTv359Jo	20230829	45	73561422	1080	1920	4300000	2746951	6200	Turkuaz Kitchen	Brown Butter Chocolate Chip Cookies😋
20U5N8Geuxs	20240312	60	36010134	1080	1920	3120000	1512904	8400	DanCookedIt	Who Has the Best Chocolate Chip Cookies?
8z86pQ7FMm4	20230519	60	28485052	1080	1920	21200000	1588297	4000	Tasty	We Tested 50 Chocolate Chip Cookie Recipes And Here's The Best One🍪
Mn1O8TCBY5g	20220428	46	27662162	720	1280	9350000	1652887	10000	Patrick Zeinali	#shorts #cookies #chocolatechipcookies #easyrecipe #snowboarding
IUOl6suqElw	20220429	33	22153296	720	1280	3460000	1491272	5500	Fitwaffle Kitchen	THICK Nutella Stuffed NYC Cookies Recipe
OI0nFwCJeBY	20211026	39	22064103	640	1138	143000	1209307	5800	audreysaurus	The most perfect chocolate-chip cookies you will ever see
9t3tFhoOOps	20250607	79	21486700	1080	1920	2960000	751371	2400	Hey It's Honeysuckle	Testing a Cookie Dough Recipe from TikTok! 🍪
hv5qFlTJ6Fs	20250127	120	18760699	1080	1920	4850000	1407992	5400	FutureCanoe	Supposedly The BEST choco chip cookie from @buzzfeedtasty
obKCe-OP3rQ	20250320	26	17728271	1080	1920	82400	399986	714	Birchberry	Nutella stuffed brown butter cookies 🍪🤍🌸🍫
EB0Nj7ZIt5A	20220628	33	17565093	1080	1920	249000	748683	2200	Packaged Food Gourmet	The Worst Chocolate Chip Cookies
9P-xtwNKwyA	20240124	57	16203809	1080	1920	67900	1186146	2000	Half Batch Baking	How to make every chocolate chip cookie variation #cookies #chocolatecookiesrecipe
T41Oe_H4VCA	20250505	61	16106549	1080	1920	430000	847977	8600	Ashley Markle Treats	viral mini chocolate chip cookies recipe 🍪🥛 #shorts #chocolate #easyrecipe #easydessert #baking
Q6RljCiHTaE	20210120	40	14827960	608	1080	45000000	590744	6600	Nick DiGiovanni	Edible Cookie Dough
eNzWAWN2hsM	20251101	16	14683869	1080	1920	240000	298927	1300	Iramsfoodstory 	Bakery style thick chocolate chip cookies 🍪
3Em0UsAdoho	20231215	20	13973508	1080	1920	3990000	687144	1700	Little Remy Food 🐭🍝	The BEST holiday chocolate chip cookies you'll ever bake!
jWZ-NQOu6gQ	20230530	23	13587355	720	1280	3460000	763492	3600	Fitwaffle Kitchen	10 minute chocolate chip cookies! #easyrecipe #cookies
VHutIcveQDQ	20250416	66	12979786	1080	1920	430000	348166	1300	Ashley Markle Treats	viral nutella stuffed chocolate chip cookies recipe 🍪🍫#shorts  #nutella #easydessert #easyrecipe
NbAaf79K4f4	20260228	29	12909419	1080	1920	31300	389775	1600	Mad About Food	Salted Brown Butter Chocolate Chunk Cookies 🍪✨
36yMuqTEmiU	20201215	39	12717786	1080	1920	697000	729705	7800	Nicole Renard	Edible Chocolate Chip Cookie Dough #shorts
W5GSWMin8Fw	20260318	82	11629954	720	1280	2900000	403242	5000	Foodporn	Making Michelin star chocolate chip cookies with @sable_boulangerie 🍪🤯
Zv_W-U1z1QI	20211203	27	11014843	1080	1920	45000000	570235	4600	Nick DiGiovanni	Chocolate Chip Cookies (ft. Lynja)
FjcvXzKr69c	20240625	22	10949513	1080	1920	3990000	481153	740	Little Remy Food 🐭🍝	Billie Eilish's ooey-gooey NO EGG Cookies are divine! #summervibes
E5t1qq6u0hI	20250508	73	10246399	1080	1920	430000	243933	667	Ashley Markle Treats	viral biscoff stuffed chocolate chip cookies recipe 🍪🍯 #shorts #biscoff #easydessert #easyrecipe
u_njTscxy1s	20210301	24	9948990	1080	1920	3460000	560488	2800	Fitwaffle Kitchen	How to make SUBWAY Chocolate chip Cookies! Recipe #Shorts
NOjLrN_QktM	20240215	57	9884923	1080	1920	1910000	540250	1700	Honeysuckle	World’s Best Chocolate Chip Cookie Recipe 🍪 (watch full vid!)
hUCchS2Rs9Y	20241001	34	8635290	1080	1920	1890000	395652	1300	Jesha Ann Stevens	Chocolate chip sourdough AND homemade whipped vanilla brown butter #sourdough #sourdoughbread #bread
K5XJOJQ_z9E	20250629	179	8245514	1080	1920	1410000	246895	1400	Tayyaba kiran	A Peaceful Day: Baking choco chip cookies & Pakora Kadhi #pakistan #cooking #uk #cleaning #trending
n4_v0hhO4JA	20250411	70	7084291	1080	1920	5120000	345960	3200	Jose.elcook	GIANT chocolate chip cookies will put you in a coma and then revive you. #cookies #baking
eeMstN7MEUs	20240602	59	6515302	1080	1920	1370000	448722	1000	benjaminthebaker	Chocolate Chip Cookies vs Cookie Cake vs Blondies #baking
eych5M7xgF0	20230216	60	6480396	1080	1920	2660000	579502	7100	B. Dylan Hollis	Dylan Hollis - Bacon Grease Choc Chip Cookies
-02rCdlWQwA	20250609	13	6474548	1080	1920	12400000	120294	438	Jenny Hoyos	the only cookies i accept are chocolate chip 🍪
S--5x7WFE2E	20250806	60	6351840	1080	1920	1770000	196342	198	AррIе​​‍‍‍‍ㅤ	Minivlog#465 🙆🏻‍♀️Ungaluku endha recipe yepome sodhapitruku😂Chocolate chip cookies #diml #cookies
OZhtUBMnZok	20230704	47	6193352	1080	1920	259000	428218	1700	Broma Bakery	when all else fails: single serve double chocolate cookies #chocolatecookie #doublechocolatecookie
sG1x-LxqS7o	20230531	14	5756089	1080	1920	259000	180528	865	Broma Bakery	the easiest hack to get perfectly rounded cookies #cookie #hacks #tips
URh8TzthDnc	20210525	54	5713305	1080	1920	9350000	250976	2600	Patrick Zeinali	Microwaved Chocolate Chip Cookie!
Bnfz-vJg1AI	20241018	39	5663382	1080	1920	16700	378694	1200	miso butter baby	🍪 😋brown butter chocolate chip cookies                     #chocolatechipcookies #chocolaterecipe
TlryZMc6nmw	20241207	38	5546693	1080	1920	2830000	227293	1600	Chuchington	How to Make the BEST Cookies This Christmas
6elCoGd6g8w	20250307	34	4960871	1080	1920	2540000	NA	562	Louis Gantus	I found the best cookie #cooking #recipe #foodasmr #food
kc1Qwpue22w	20240817	11	4918216	720	1280	240000	64573	659	Iramsfoodstory 	Chocolate chip cookies 🍪 ( recipe in description)
CB1AqWZlYso	20211113	38	4576083	576	1024	19800	188495	885	FoodingWitMe	Homemade Chewy Chocolate Chip Cookies
0uu4E3SaMz4	20250516	52	4554049	1080	1920	4000000	252938	1700	The Hayeks	homemade s’more cookies 🍪 #baking #cookies #asmrcooking #shorts #recipe
KPrr6x8lwJM	20260112	30	4499195	1078	1920	320000	72794	847	TheContrarianMoney	The Best Chocolate Chip Cookies 🍪
bPiB_XMjEJw	20251003	142	4455904	1080	1920	1090000	192734	2200	TayBrice	M&M Chocolate Chip Cookies at Home
DzFXnZZEcdk	20260511	60	4407237	1080	1920	1050000	188648	758	Tim Laielli	brown butter sea salt chocolate chunk cookies - recipe below #baking #cookies #dessert
CrxTBWNA6Us	20230121	56	4294039	1080	1920	1370000	291614	733	benjaminthebaker	All My Best Chocolate Chip Cookie Tips
cnqKkAiZzfg	20250117	27	4058232	1080	1920	240000	116461	643	Iramsfoodstory 	Levain bakery chocolate chip walnut cookies 🍪
YbxTbXBbXDM	20240323	7	3900561	1080	1920	21200000	16489	109	Tasty	Secrets to Perfectly Round Cookies: Expert Tips Revealed! 🍪
dhpkzcCV_9Q	20260419	41	3811087	1080	1920	2830000	120025	1600	Chuchington	THIS is The BEST Chocolate Cookie Dough
7LZtibwnTNA	20240125	45	3718408	1080	1920	35800	130697	718	Stephanie Jazzar	So good 🍪😋 Inspired by @Moribyan #chocolatechipcookies #cookiesrecipe #bakewithme #cookies
QWZL6yvm3rM	20250531	35	3634565	1080	1920	895000	78658	388	khana peena recipe	Viral chocolate Cookies Recipe #shorts #dessert #recipe #chocolate #cookies
tvOKfM-FW7E	20230421	32	3608089	720	1280	762000	207965	3300	Tubby Nugget	The Chocolate Chip Cookie Song!!😋🍪
gAK_LzdTRTc	20260505	54	3569065	1080	1920	7250	86886	303	Ana Vera cooking bites	Pink chocolate chip cookies #chocolatechipcookies #asmr #recipe #baking #chocolate
h6IT7SNKlWM	20240528	59	3510035	1080	1920	378000	152392	1100	Lukefoods	Who Has The Best Chocolate Chip Cookie? #shorts
G51gKvrQiBk	20240515	60	3379154	1080	1920	1050000	49739	1600	A.J. & Big Justice	National Chocolate Chip Cookie Day‼️🇺🇸🍪 #bigjustice #boom #cookie #cookies #preston #brianna
HasheIV2G6k	20240909	58	3340059	1080	1920	1020000	246750	2400	Jack's Dining Room 	Trying what people say are the best new cookies in LA PT. 1 📍baked so cal #cookies #food
q9a7x3xonkw	20241109	25	3338054	1080	1920	20800	42002	566	Marietta Etcetera	The Best 3 ingredient Butter Cookies #recipe
Pll-KK_ig5Y	20250730	27	3060333	1080	1920	548000	81665	297	shivangi pithisaria	no oven, no microwave eggless chocolate chip kookie on the stove 🍪
