u2XhUfvMC7E	99334720
7MdnSA4a9E8	76145451
QvLeTv359Jo	73561418
20U5N8Geuxs	36010121
8z86pQ7FMm4	28485016
Mn1O8TCBY5g	27662158
IUOl6suqElw	22153294
OI0nFwCJeBY	22064011
9t3tFhoOOps	21486664
hv5qFlTJ6Fs	18760646
obKCe-OP3rQ	17728248
EB0Nj7ZIt5A	17565027
9P-xtwNKwyA	16203758
T41Oe_H4VCA	16106435
Q6RljCiHTaE	14827924
eNzWAWN2hsM	14683554
3Em0UsAdoho	13973497
jWZ-NQOu6gQ	13587300
VHutIcveQDQ	12979735
NbAaf79K4f4	12909224
36yMuqTEmiU	12717786
W5GSWMin8Fw	11629806
Zv_W-U1z1QI	11014797
FjcvXzKr69c	10949513
E5t1qq6u0hI	10246376
u_njTscxy1s	9948959
NOjLrN_QktM	9884887
hUCchS2Rs9Y	8635260
K5XJOJQ_z9E	8245510
n4_v0hhO4JA	7084253
eeMstN7MEUs	6515273
eych5M7xgF0	6480380
-02rCdlWQwA	6474543
S--5x7WFE2E	6351833
OZhtUBMnZok	6193277
sG1x-LxqS7o	5756154
URh8TzthDnc	5713280
Bnfz-vJg1AI	5663380
TlryZMc6nmw	5546693
6elCoGd6g8w	4960859
kc1Qwpue22w	4918172
CB1AqWZlYso	4576052
0uu4E3SaMz4	4554014
KPrr6x8lwJM	4499193
bPiB_XMjEJw	4455886
DzFXnZZEcdk	4407164
CrxTBWNA6Us	4294068
cnqKkAiZzfg	4058178
YbxTbXBbXDM	3900459
dhpkzcCV_9Q	3811087
7LZtibwnTNA	3718364
QWZL6yvm3rM	3634505
tvOKfM-FW7E	3608089
gAK_LzdTRTc	3568676
h6IT7SNKlWM	3509996
G51gKvrQiBk	3379161
HasheIV2G6k	3340056
q9a7x3xonkw	3337959
Pll-KK_ig5Y	3060294
wVRe7LrOAzY	3001649
QYTzY2LSSpk	2994479
TBukHhe14jE	2991472
czrz6gMEkWA	2915857
N8RIK8-V6f8	2889665
CG3OAvenayQ	2885266
8EBwVjBFkBo	2879666
irEnd1wabyQ	2798832
9LVKTCBvhrc	2786610
UJ3PimYk-Nc	2668099
O5vP0lvwM0M	2631464
wJqr_0W68qo	2477190
gCX6IN6ZPK8	2450237
jjPY163fNZo	2422747
_WM0uXmQTHw	2363704
mmuzD2oQXz8	2355470
Rix761PgCeU	2281409
KLWV8wzwrmQ	2280759
Ss9_w4jLJyU	2277974
DASO4cDnXJk	2271216
-yjWFmVzT1U	2201892
faNM6oP40hU	2160587
lgDTGsc-Ou0	2132841
Z-Hw8ispO2c	2128624
dry5htqoHME	2116780
rV-esCzhyLs	2077266
fGoLjrSXRzw	2020728
KAzC9EBklTQ	1934194
C7ln-txk0Fc	1933938
I0a8JKpfYOI	1914091
_ODF6brM-SU	1911619
4zriulEy5GU	1772361
qLVUK5GYaPU	1762937
I9_7l96MxqY	1739549
dCOCbHpPqVg	1733761
MMEsdBLg-V4	1727865
rP6XxdJhdMQ	1662190
NyJBzb4M9i4	1649560
YTUZzbsDlCM	1624953
CZ4f9twKvbY	1621250
LLg5J1NHKTw	1610552
0cGhVhER6qk	1542430
BOE9xSE3rLk	1478527
B020le2Advg	1438127
SBc7I7wZiy8	1430609
NuAqWeiEYVk	1410936
BogPhXTHk8c	1395702
hhSFg9skPOU	1349009
PRukJ1SnuWA	1312358
lhr6vZqa2UQ	1308975
I3qv96456ZY	1272318
T5nlxzrhrjU	1231118
OfFRoNdaM3U	1229393
Gy93-m0NW4o	1226268
AOI0sdvTVCE	1213319
aOfQismcMpM	1202654
IZHcqNcCTXk	1125452
P9Vw7rRCE3g	1115545
NC22CaneUiw	1115514
66uxBwrHVY8	1108967
jBEKxoPSvtI	1099696
qmg10i5NzFk	1089793
zNgKm9Dx5Og	1058906
29emPkkxV5g	1056696
bC-ZZh19SWw	991620
_-6AjUKUJ1g	982890
ziiMJlYkIrI	972554
wprBaGR9je8	953234
7kehpN-xx0I	926726
q-177AMJOLA	895556
mc9S3unpXQ0	886587
nQvx9kTnTeU	871271
pJc71lUpz6s	865905
-z_CNNctIAA	854995
pXnpnInKeV8	851570
ZgDo21BooVU	850376
Xq7mKpgrEaM	837644
2DqiRAd2MZc	836348
3lECS162VPE	834578
lDyE8ixRLmI	829467
6OeSfxnkEF0	810707
4g9X6cdV_q0	809446
sAQySKqKSxU	808332
vFyvH2XqByg	802747
_3y7dt3gc5s	782575
sU1VTjhfrqM	771251
a5OeVu5KpxQ	737375
vWI1rilMOiA	726314
IC-SmN_8DQE	725079
qMDpeT0GFGc	722964
B7kwmcJ8TKs	708866
75iRx-CF9kI	707452
RAEK6dBy71o	703022
VvTpNu4aCPM	690684
pN72ZZBbyvE	688705
Vpuc_8pjMM4	676711
p0kkMndRVlU	674218
bPXJeZ9xCHg	669801
8uTyHMS_b04	663608
1ELFSxIBuPU	649059
83C8g1l7uZM	644220
VrKaZ4LlGdQ	642123
0NrRm5nkWRA	639894
elrC8YNiKJs	634465
lymJttuForg	621755
rbhMrAtkxGk	616685
5fiTijC3ixI	608029
AwvPojFnbcY	605938
10S1czJYDoE	598224
XQewnKe-zSY	592649
5scxU1T9QKI	591759
HP5g9q3fbvY	590782
7IPk6LE4KSw	581664
ph79deZPOU8	579639
hm24Jc5dFjw	572765
U7Cguw7ElFQ	562504
OjAW3jVpZto	553696
3SI2oBnKmcc	531873
xAJAS6BNMWQ	530312
4lCrMm8fngo	510329
qiqSjIs3ufI	509836
mMYxflXLfP4	504594
