XGEM0wc1CB0	554309	2025-12-15	65 Amazon Finds That Instantly Make Your Home 10x More Comfortable!
4HF8L_PE4ic	279092	2026-03-11	27 Amazon Smart Home Upgrades Everyone Needs in 2026!
NDzwyY5PNnA	258349	2026-02-10	27 Home Decor and Design Ideas For A More High-End Look!
06xaSgvusI4	241692	2026-02-10	These Luxury Amazon Items Will Instantly Upgrade Your Home’s Vibe..
Fmozn8Iwf_c	186380	2026-02-20	27 Amazon Kitchen Gadgets That Will Save You 10 Hours a Week!
xdsSHJwO8no	182905	2026-04-09	33 Insanely Cool Backyard Gadgets Worth Buying This Year! *Amazon 2026*
OkxYtWMHEWs	150114	2026-04-27	27 NEW Amazon Home Gadgets Selling Out FAST… and They're SO Worth It 🔥
EKemnn-pPQQ	125795	2026-02-06	100+ Cool & Popular Amazon Gadgets Everyone Will Want in 2026! *Viral Products*
SWBf2wGkI5M	106330	2026-02-06	55 Luxury Amazon Seniors Gadgets That Make Your Life Simpler
waypqL7xIaI	103170	2026-04-13	37 HIGHLY Useful Amazon Gadgets You Can Take With You ANYWHERE!
PEh5boNozGM	100641	2026-03-08	105 Luxury Seniors Gadgets That Amazon Actually Sells
4z9qXe4R7nA	92852	2026-01-28	27 LAZY Amazon Kitchen Gadgets That Make Cooking 1000x Easier!
o4pq0w63akM	81507	2025-12-24	Amazon Home Comfort Products Everyone Will Own in 2026.. (Don't Miss These!)
ZJYYXRtXrTc	80310	2026-01-07	People Are Buying These 29 Amazon Gadgets Like Crazy in 2026..
DMW1kHpzBXw	77774	2025-12-30	75 Bizarre Amazon Kitchen Gadgets That Are Cool As Hell!
9VNAIxCfPwk	69210	2026-03-09	25 New Amazon Backyard Gadgets For An Unforgettable Summer
bc_u1-eVbEU	66702	2026-03-21	33 Luxury Amazon Smart Home Gadgets For a Modern & Comfortable Life!
nk4VfgwkxBc	66354	2026-02-08	200 Luxury Amazon Finds That Instantly Make Your Home Feel High-End!
2BccxG3ileo	65801	2026-01-08	Why Everyone On Amazon Is Going Crazy For These Gadgets For Tiny Homes
jx0rj5w232A	60054	2026-01-26	155 Luxury Amazon Gadgets Everyone Is Buying In 2026!
qpcpDrkth3k	59218	2026-03-18	33 Luxury Amazon Backyard Finds That Instantly Upgrade Your Patio!
rI4ozEgUdY8	52703	2025-12-26	25 Cool & Popular Amazon Gadgets Everyone Will Want in 2026!
3F58C-jDALA	50994	2025-12-26	35 Amazon Finds That Instantly Make Your Home 10x More Comfortable!
YtakG2K8KVE	49020	2026-05-16	170 Luxury Amazon Smart Home Gadgets That Will Upgrade Your Living in 2026
4xjnuy5WI-w	47263	2025-12-15	25+ Fantastic Modern Kitchen Designs & Space-Saving Furniture You'll Want in 2026!
JjCDHVkZb8g	44032	2025-12-11	95 PREMIUM Home Furniture Designs & Smart Home Gadgets You Will Want in 2026!
YIwzN7S20rU	41491	2026-02-14	30 Luxury Amazon Decor Pieces That Make Your Home Look Custom Designed
jEWc0YlQwfY	39910	2025-12-14	Amazon Is Selling These WEIRD Gadgets… and People Love Them!
TE7cKDtF1LU	39843	2026-02-13	37 NEWEST Amazon Kitchen Gadgets Worth Buying This Month!
ynStpMTj-Mk	39589	2026-04-15	33 NEW & Incredible Amazon Kitchen Gadgets Everyone Is OBSESSED With!
-pQIsoOfFqQ	38225	2026-04-05	87 Weird Little Amazon Gadgets You Wont Regret Buying!
vQWURbCBYKs	38123	2026-02-13	35 Amazon Smart Home Gadgets That Feel 10 Years Ahead
pLI2obRGdxc	34688	2026-01-21	117 Modern Amazon Kitchen Gadgets for a Faster, Easier Cooking Routine!
syEIVjq9fJM	33613	2026-02-07	35 AMAZON Smart Home Gadgets That Will Make Your Life 1000x Better! 2026
2tTwziBAk-I	31003	2026-04-04	175+ Amazon Furniture & Decor That Instantly Make Your Home Better!
5wdLli_O5XI	30212	2026-02-03	35+ Clever Amazon Storage Solutions for a Tidy Home!  2026 Must-See Organization Hacks!
qyfLfGGlL30	29559	2026-03-13	These Amazon Kitchen Gadgets Will Save You HOURS in the Kitchen..
g24fAjsk7I8	27476	2026-05-23	100+ Insanely Cool Backyard Gadgets WORTH BUYING In 2026!
QyoUKrX62zw	27343	2026-02-28	85 GENIUS Amazon Kitchen Gadgets That Will Save You Time & Money!
pK_rrunAG6U	27084	2026-04-27	These Simple Amazon Decor Upgrades Instantly Make Your Home Feel "Quiet Luxury"
Vu0c_tEJTds	26788	2026-01-06	29 Amazon Gadgets That Instantly Fix Everyday Problems
vPhQ6ICKmkY	26498	2026-01-05	These Incredible Home Gadgets That Keep Selling Out On Amazon..
NLlxLBHk8N4	24501	2026-04-14	33 SMART Amazon Kitchen Gadgets You Didn't Know About... and Actually WORK!
XYuurJ1xwUc	23768	2026-05-09	67 Premium Amazon Kitchen Gadgets That Will Change How You Cook!
0ar6H1xgN80	23740	2026-01-03	15 Futuristic Vehicles That Amazon Will Start Selling In 2026
xs1jfiN0gT8	23629	2026-04-20	3 HOURS of Stunning Home Decor & Furniture Ideas For 2026! *Shopping Guide*
ATKyNqZllOM	23507	2026-05-27	200+ Greatest KITCHEN Gadgets On Amazon In 2026! *MEGA COMPILATION*
MSwBNBpwFJg	21985	2026-04-10	33 COOLEST Backyard Gadgets Everyone Is Buying This Summer! *Amazon*
MFNYhQmDEcI	21608	2026-02-02	35+ Clever Amazon Storage Solutions for a Tidy Home!
5er_Cm9vUeM	21418	2026-01-01	75 Weird Gadgets Selling Out  On Amazon because They're Too Cool!
PYB9DEWKogc	21224	2026-04-18	33 INSANELY Clever Amazon Home Office Gadgets You Didn't Know Existed! Amazon 2026
zK0_b5D5HbI	20205	2026-02-14	27 Amazon Luxury Home Finds Under $100 (Budget Dream Room!)
K8nkrq37X1I	19675	2026-01-09	15 New Amazon Products That Instantly Improve Your Sleep Restful Sleep
sYPnK8zhikQ	19631	2026-03-19	33 Luxury Outdoor Decor Finds That Make Your Backyard Look Designer!
WYU249yFkCI	19529	2026-01-03	Automate Your Whole Life in 2026 With These Amazon Products…
37gJKpLe_mI	19519	2026-01-16	These NEW Amazon Kitchen Gadgets Will Change The Way You Cook in 2026..
dm10rtML2iU	18966	2026-01-04	29 Amazon Comfort & Wellness Gadgets Everyone is Obsessed With in 2026!
4NCAjpRZmDA	18959	2026-04-24	If You Hate Cooking, You Need These Amazon Kitchen Gadgets...
t-ux0_C2Zxk	18552	2026-04-10	95 Luxury Home Decor That Instantly Uplifts Your Home
yeuvH5oX3J8	18449	2026-02-08	35 Amazon Kitchen Gadgets That Are Shockingly Useful!
R79fTw8DsNU	17798	2026-05-20	200+ Satisfying Home & Kitchen Gadgets That Do All The Work For You! *2 Hours Of Ideas*
6ZTFtgB995s	17714	2026-02-26	Top 100 HIGH END Amazon Smart Home Finds For a Modern Luxury Life!
iCT_Y2DgQRQ	17084	2025-12-17	These Might Be the Weirdest Amazon Products Ever… Until You Try Them!
iRxgCsfpml0	16612	2026-02-11	67 High-End Amazon Smart Home Gadgets For a Modern Life in 2026!
J-ThO1mKaPE	16208	2025-12-13	37 CLEVER Amazon Kitchen Gadgets for LAZY People!
quN66vyBp7k	16052	2025-12-21	17 GENIUS Amazon Kitchen Gadgets That Save Me 23-Hours Per Week!
ueW1os0I7Lk	15834	2026-01-14	These Amazon Smart Home Gadgets Will Do Everything For You in 2026..
oMoKT45SC1g	15765	2026-01-10	29 Weirdest, Most Genius Things on Amazon You Never Knew Existed!
MtnEa2ce-30	15656	2026-05-16	95 Backyard Redneck Finds That Will Make Your Summer Unforgettable
FUrlBKsYqE4	15418	2025-12-27	35 Secret Amazon Finds That Instantly Make Your Life 10x More Comfortable!
5-iqDCi_ZeI	14729	2026-02-05	300 Luxury Amazon Kitchen Gadgets Everyone Is Buying *Viral Products 2026*
9W5ZkbrzT8w	14655	2025-12-22	Top 200 MOST VIRAL Amazon Gadgets You MISSED In 2025!
mSjWaFE_Wtk	13928	2026-01-23	110 LAZIEST Kitchen Gadgets You Can Buy on Amazon..
ZLQQiLSQjvA	13440	2026-03-17	67 Smart & Elegant Amazon Finds For a Modern & Classy Home!
0SkNa0eVQXo	13386	2026-02-17	67 Amazon Interior Decor Finds For a Modern & Luxurious Home!
_DDiv7nVPB8	13352	2026-04-27	27 NEWEST Amazon Kitchen Gadgets That Do EVERYTHING For You!
aq53Y0PgN3o	13177	2026-03-05	29 SUPER USEFUL NEW KITCHEN GADGETS AVAILABLE ON AMAZON!
n1ghZcaFPfA	13166	2025-12-23	250 COOLEST Amazon Gadgets You MISSED In 2025!
vTndWkh-fMo	13081	2026-01-22	27 Lazy Amazon Gadgets for People Who Hate Doing Anything
l0eAjhajpyQ	12414	2026-01-15	These Amazon Gadgets Are Changing Life for People Over 60..
eXD6Vq0eRW4	12223	2026-02-27	67 Brilliant Amazon Finds That Maximize Space In Your Kitchen! 2026
QnGDmZNQACo	12025	2026-03-01	27 Patio & Backyard Upgrades That Instantly Elevate Your Outdoor Space
1gz_IJKkxhc	11388	2026-03-28	33 Luxury Amazon Bathroom Finds For a Modern & High End Life!
rpuFInWwEM4	11364	2026-03-26	33 High End Smart Home Furniture For Modern Luxury Living in 2026!
vQttZgz350s	11325	2025-12-17	35 NEW & AMAZING Smart Home Gadgets You Can Buy on Amazon in 2026!
8qenpsuuT0M	11171	2025-12-27	These Amazon Finds Make Everyday Problems Disappear in 2026..
Ze5B6VLC2AE	10974	2026-01-29	29 Weird Amazon Gadgets That Make Life 1000x Better..
COn60eaDe18	10944	2026-03-08	27 Amazon Smart Home Gadgets That Will INSTANTLY Improve Your Life!
abHm3JzFmBM	10603	2026-06-03	205 Most Extravagant & Luxury Backyard Finds On AMAZON For An UNFORGETTABLE SUMMER!
f25nmQAxVnU	10517	2026-02-17	37 Luxury Amazon Home Furniture & Interior Design Ideas for 2026
M--qe2hOJ8k	10455	2026-06-01	95 Luxury Amazon Seniors Gadgets That Make Life 10X Cooler!
dSbaaiVpEMg	10372	2026-02-26	27 High End Furniture & Gadgets For Modern Luxury Living
wyVFaEBZVFE	10340	2026-02-21	55 Coolest Gadgets For Men That Are Worth Seeing *2026*
QUwQcfB8QqQ	10238	2026-01-30	These Amazon Gadgets Completely Changed How I Live..
waaC_GAVVkA	10227	2025-12-14	35+ GENIUS Amazon Smart Home Gadgets That Will Upgrade Your Living!
JKLJ9PsbTrY	10143	2026-04-07	27 AMAZON Kitchen Gadgets I Discovered By Accident… and They're SO GOOD! 🔥
eSMUuGkXPFg	10078	2026-02-27	27 Satisfying Backyard Upgrades For Effortless Outdoor Luxury
XoWIXsvvJLY	10001	2026-02-20	Don’t Upgrade Your Home Until You See These Amazon Decor Gadgets in 2026..
cUB3Csyf6AA	9763	2026-02-28	27 CLEVER Amazon Kitchen Gadgets That Save You TIME & EFFORT
1B74NJDuwAA	9714	2025-12-18	If You Hate Meal Prep... You NEED To Try These Amazon Gadgets!
l9w6RCRt5aM	9695	2026-04-11	195 Luxury Backyard Designs That Instantly Uplift Your Backyard
okuUGjV4vSs	9650	2026-04-13	127 Modern Luxury Furniture & Decor Finds For a High End Home!
sEkW4FEu_Ho	9598	2025-12-27	75 Amazon Home Comfort Products Everyone Will Own by 2026
_t9jBHd0Nj0	9592	2026-02-11	67 Amazon Luxury Furniture Finds for a High-End Designer Look
yOGVuFWdFHg	9552	2026-01-04	29 Amazon Gadgets That Instantly Fix Everyday Problems
UjLkx6b36VM	9510	2026-01-23	37 Amazon Smart Home Gadgets for Luxury Living in 2026..
ZywQv1DpPKY	9486	2026-05-07	70 Luxury Amazon Backyard Finds That Instantly Upgrade Your Patio!
2O-kv4WUKaM	9476	2026-03-20	97 NEWEST Amazon Home Gadgets For a Modern & Comfortable Life!
S9SPY1wNmB8	9457	2026-01-01	75 New Amazon Home Finds That Make Life Way Easier in 2026!
VZvROYOqjuM	9377	2026-02-09	27 Home Decor & Interior Design Ideas That Will Give Your Place a High End Look
4XuwqGnbSb8	9114	2026-03-17	Don’t Upgrade Your Home Until You See These Luxury Amazon Decor Pieces..
MpWvVnqYIAg	9104	2026-03-20	25 Luxury Amazon Kitchen Gadgets That Make Cooking 10x Easier
XEP3-EtchYs	9019	2026-05-01	25 Luxury Senior Gadgets To Make Your Life 10 X Easier
jTE2Pqz35hQ	8981	2026-04-01	127 AMAZON Gadgets I Discovered By Accident… and They're SO GOOD! 🔥
Pit9vKi0WSY	8604	2026-02-16	27 Amazon Home Decor & Design Ideas For A More High-End Look!
_30IcioSO7A	8575	2025-12-11	35+ CLEVER Temu Kitchen Finds That Make Cooking 1000x Easier!
LX-2eSAl4Qs	8333	2025-12-11	200+ GENIUS Amazon Home Gadgets You'll Want This Winter!
APwai-RNyfk	8257	2026-04-17	33 HIGHLY Useful Amazon Bathroom Gadgets You'll Wish You Bought Sooner! Amazon
m7KiFk-zVbc	8038	2026-02-12	27 Modern Amazon Home Gadgets To Live 1000x Smarter in 2026
FzdJqZG64Ak	8031	2025-12-25	75 Amazon Smart Home Gadgets & Furniture for Maximum Comfort in 2026!
b_8LLI4BzXg	7908	2026-03-04	TOP 100 LUXURY Home Gadgets & Interior Decor That Will Redefine Your Home in 2026!
XqYe6jN2uxQ	7809	2026-04-29	150 TEMU GADGETS That Are EVERYWHERE And ACTUALLY Work
nnFsbaZ-zIk	7795	2026-03-05	Top 100 AMAZON Smart Home Gadgets That Will Make Your Life 1000 Times Easier! *2026*
jCZ0HHYJf2s	7601	2026-01-17	25 Best Luxury Amazon Pet Gadgets That Everyone Is Buying!
3QkUbGLwRe4	7527	2026-04-26	211 Luxury Amazon Smart Home Gadgets That Feel Like 2030 Tech!
rjK9dS3oc5U	7526	2026-02-15	27 High-Tech Amazon Kitchen Gadgets That Make Life Easier
Gm7jYQoAF3M	7491	2026-04-02	200+ Smart Furniture & Luxury Gadgets from Amazon (Ultimate Compilation)
_n6nqmDX8p8	7473	2026-05-29	200+ CLEVER Amazon Gadgets Everyone is BUYING! *Smart Gadgets To Simplify Your Life* (2026)
GutFSJgOut0	7398	2026-03-01	170 Amazon Kitchen Gadgets That Make Cooking WAY Easier
UN2_iG64FBc	7128	2026-01-27	165 Luxury Amazon Home Gadgets Every Home Needs in 2026..
4ItefRxoFJc	7111	2026-06-08	67 Amazon Home Gadgets That Are SO Worth the Hype 💯
rtNSOS5k4Dc	7058	2026-04-01	33 Smart Amazon Gadgets That Make Your Life Easier at Home
1yC9xuTEwoE	7052	2026-01-07	25 Amazon Space Saving Kitchen Gadgets That Instantly Free Up Space
TcjVP7c19cs	6981	2026-01-29	85 COOLEST Things You Can Buy on Amazon Right Now!
lZXZQsEivEo	6884	2025-12-18	These Luxury Amazon Home Finds Feel Illegal for the Price
znBGheDMSQw	6853	2026-01-02	75 Genius Amazon Gadgets for a More Comfortable Home in 2026!
purwPw8uPlw	6814	2025-12-28	70 Amazon Home Upgrades That Instantly Transform How You Live
NGDcxE7mPTk	6617	2026-01-10	These Amazon Home Gadgets Will Change How You Live in 2026..
xiTFYm5HH4E	6577	2026-03-06	27 NEW & HIGH END Amazon Kitchen Gadgets That Will Save You TIME & MONEY!
84LZRL-wbTk	6557	2026-04-12	200+ AMAZING NEW KITCHEN GADGETS You Can Buy On AMAZON! 2026
26RXhi2D2nY	6546	2025-12-30	People Are Obsessed With These Amazon Gadgets in 2026..
TksjIgwkNjk	6349	2026-01-05	These 29 Amazon Comfort & Wellness Gadgets Will Change Your Daily Routine in 2026!
KIDiKSeWfIY	6274	2026-05-26	2 Hours Of Inspiring Home Decor Ideas You Must See In 2026!
Ymlc8__SSlM	6265	2026-04-14	175+ NEW Smart Home Furniture You Can Buy On Amazon.. And They’re So GOOD!
FAofVwVTpg4	6156	2026-02-12	Amazon Home Decor Finds That Will Make Your Home Look Expensive! (Smart Home Decor Finds)
FOBzssAFW14	6136	2026-05-02	30 VIRAL AMAZON Products That Will Instantly Upgrade Your HOME!
_-3OgnjP1-0	6030	2026-04-12	These Luxury Amazon Decor Items Will Instantly Upgrade Your Home’s Vibe..
1EjtWawFMgI	5913	2026-02-13	37 GENIUS Amazon Kitchen Gadgets Worth Buying This Month!
bj8PJgIkR44	5903	2026-02-04	65 Clever & Unique Home Gadgets Amazon Is Hiding From You
0psdX5oUuhg	5879	2026-01-18	175 Luxury Amazon Home Gadgets Every Home needs in 2026..
oQZsBS2jRjk	5861	2026-04-12	127 Luxury Home Decor Finds To Elevate Your Home's Vibe!
yc7IgSxzSmQ	5846	2026-02-19	29 Aesthetic Smart Home Gadgets for a Modern & Minimalist Home
tT9KvfIcsMs	5760	2025-12-24	If You’re Lazy in the Kitchen, You NEED These Amazon Gadgets in 2026!
a7EiA09nXz4	5755	2026-01-06	27 Cool & Popular Amazon Gadgets Everyone Is Obsessed With in 2026!
uDlqG5uLBZs	5748	2026-03-21	55 Luxury Amazon Kitchen Gadgets For Insane Freshness
1XTncmFutzw	5740	2026-03-14	75 Luxury Statement Pieces That Instantly Elevate Your Home
u2GwddMYfGs	5703	2026-04-26	243 Amazon Furniture & Decor Finds That INSTANTLY Upgrade Any Home!
B2FKZtm_A8E	5700	2026-03-14	35 New Home & Bedroom Luxury Features For Maximum Comfort
pBJOuAz9Fuc	5645	2026-05-01	17 AMAZON BEDROOM Gadgets That Will Instantly Fix Your SLEEP!
IJlMYMVW_Ww	5590	2026-04-03	305 New Amazon Gadgets That All Seniors Love!
CU6NT6TwNt0	5586	2026-02-21	These Amazon Kitchen Gadgets Will Save You 10-Hours Every Week..
ChKrDogwEpg	5535	2026-04-12	25 Futuristic Bathroom Gadgets That Amazon Is Hiding From You
41F8wth5NJY	5520	2026-06-01	87 Luxury Backyard Upgrades Worth Buying This Summer! *2026*
XlWQugHa_Uo	5512	2025-12-25	These Amazon Gadgets Will Change Your Life in 2026..
aw8pFtCJar4	5475	2026-04-27	227 Luxury Outdoor Finds That Make Your Backyard Look Designer Built!
tKbnldXWkOU	5450	2026-03-23	33 Luxury Amazon Smart Home Gadgets For a Modern & Comfortable Life!
c3FoeqJpNDY	5407	2026-02-23	27 Luxury Amazon Room Decor Ideas Everyone is Buying in 2026!
FM7318lJnmo	5393	2026-02-06	105 Genius IKEA Finds For Tiny Homes & Apartments
xOhJzfA_zA8	5380	2026-02-16	27 Luxury Amazon Finds That Instantly Elevate Your Home!
Cue0dkpj2f0	5279	2026-03-21	45 New Seniors Gadgets That Make Life 10 X Easier
5Q-TE2mRKW0	5277	2025-12-14	This Is the Future… Amazon Products That Are NEXT LEVEL!
mWywGp5xU2A	5209	2026-04-16	23 Luxury Camping Finds For Ultimate RedNeck Comfort
iKrPtDPKfm8	5184	2026-03-29	27 Fancy Patio & Backyard Upgrades That Instantly Elevate Your Outdoor Space!
boxGgPFkaT8	5138	2026-01-17	55 Futuristic Amazon Home & Kitchen Daily Essentials
uaFi_XkWKok	5133	2026-01-26	135 Amazon Home Gadgets That Feel Like They’re From the Future
Zdvw25Eq5W8	5093	2026-04-15	27 LUXURY TEMU Home Decor Finds That Do Not Feel Cheap!
itD7ZhE6ilk	5087	2026-03-10	TOP 100 MUST HAVE AMAZON GADGETS FOR SUMMER 2026! *VIRAL PRODUCTS*
x2E2EAPdJek	5065	2026-01-15	This Is Why Everyone Is Going Crazy For These Amazon Tiny Home Gadgets
BtrChQMjZSs	5047	2026-01-03	200 Insane Amazon Gadgets That Will Change Life in 2026 | 2-Hour MEGA Compilation
O3-aZwTYM9I	5037	2026-04-20	3 HOURS of Stunning Furniture Ideas For Spring 2026! Ultimate Shopping Guide
lhRmSHc0BoE	4996	2026-03-04	55 Futuristic Amazon Finds for Seniors That Make Life 1000x Easier!
Okcx5n-qFw8	4970	2026-05-30	87 Incredible Backyard Setup Ideas Everyone Is Copying This Summer! *2026*
e3LIztRtufE	4958	2025-12-31	110 Amazon Gadgets That Instantly Fix Everyday Problems
VMXaa8cUKpQ	4949	2026-01-02	Small But POWERFUL Amazon Gadgets You Will Want To Buy in 2026..
KXDrHkx6g_w	4933	2025-12-25	25 Cool & Popular Amazon Gadgets Everyone Will Want in 2026!
0waItauD0z8	4932	2026-02-04	You’ll Never Cook The Same After Seeing These NEW Amazon Kitchen Gadgets..
gC9PgX1wjpk	4864	2026-04-03	400 Luxury Design & Decor Ideas That Instantly Upgrade Your Home
nyrSSSvpD-k	4859	2026-01-27	125 Laziest Amazon Cooking Gadgets *That Do ALL The Work*
7iJC9OyHxX4	4857	2026-03-25	33 Amazon Kitchen & Dining Upgrades That Make Cooking Feel Effortless!
YWslqLqa8-k	4799	2026-01-24	Top 100 Ultimate Amazon Comfort Gadgets That Will Change Your Daily Life (2026)
7UVLVkzjqzk	4717	2026-03-11	27 GENIUS Amazon Kitchen Tools That Make Cooking WAY Faster
ZaGqL1OhV7k	4711	2026-02-15	275 Luxury Decor Pieces That Instantly Elevate Your Space
iaN7h3wtH-M	4704	2026-03-22	33 Incredible Smart Furniture & Home Decor for Modern Luxury Living!
_RRD1KMV-KM	4665	2026-01-07	These Amazon Smart Home Gadgets Will Change How You Live in 2026..
z4PnRW_9Mno	4651	2025-12-28	80 Amazon Finds That Will Make Your Home 10x More Comfortable In 2026
jZM0acvZehA	4571	2026-03-01	25 Luxury Amazon Backyard Gadgets That Everyone Is Buying *Summer 2026*
XVge7Ur0sSY	4561	2026-04-10	105 Ultra Modern Home Decor That Amazon Doesn't Want You To See
553zWL2axvQ	4546	2026-04-16	29 Smart & Comfortable Furniture Amazon Isn't Showing You... And It's SO GOOD!
JgD9J5wU97w	4526	2026-05-05	35 Genius Amazon Kitchen Tools That Cut Cooking Time in HALF!
DKCZuAmJyHc	4523	2026-01-30	27 Unique Amazon Gadgets For 1000x More Comfort at Home! (2026)
e6R-22Qkxvw	4516	2025-12-14	120+ MODERN Amazon Furniture & Gadgets That Turn Your Home Into a LUXURY Zone!
OFEmi3B6ciY	4497	2026-03-18	75 Amazon Luxury Kitchen Must Haves For 2026
cp6kwR70ABg	4405	2026-05-07	250+ Luxury Amazon Smart Furniture Picks - The ULTIMATE 3 Hour Glow Up
BFTsqYNPV2U	4353	2026-01-01	65 Insanely Clever Gadgets Selling Out FAST On Amazon
4DEIWS0EoKA	4291	2026-04-22	These Amazon Home Decor Items Are Selling Out Fast (And I Get Why)
IWwA3wNqc2Q	4287	2025-12-24	Build the Perfect Smart Life With These Amazon Gadgets in 2026 | 2 Hours
MA25LTiu19Q	4281	2025-12-29	These Amazon Finds Will Make Life 1000x Easier in 2026!
j8kNe5kJ_D4	4222	2026-05-24	105 Futuristic Amazon Furniture Finds May 2026
iEhDClpFxtc	4222	2026-05-10	47 Home Decor and Furniture Ideas For A High End Look!
grEJoLOkgQQ	4220	2026-02-06	185 LUXURY AMAZON HOME GADGETS & SMART FURNITURE 2026 | 2 HOURS OF IDEAS
VF4nhmebJFw	4207	2026-04-04	99 Weirdest Amazon Gadgets Actually Worth Buying..
yeD97yrAbK0	4178	2026-01-20	165 Luxury Amazon Smart Home Gadgets for a Comfortable Life!
o4zwZYNaoLk	4171	2026-03-27	THESE 65 THINGS ARE SELLING OUT ON AMAZON BECAUSE THEY'RE STRAIGHT FIRE
XivMeE_5BXM	4161	2026-01-08	100 Luxury Amazon Home Gadgets
BgqL-9XxFDg	4120	2026-03-04	27 SPACE SAVING Amazon Finds for Tiny Apartments That Maximize EVERY INCH!
OwpAXYq2HMg	4095	2026-06-07	33 Modern Smart Home Furniture That Will Change How You Live In 2026!
_x1TDwEgLBY	4066	2026-01-08	These 29 Amazon Smart Home Gadgets Will Change How You Live in 2026..
9_l8VXLyWAw	4031	2026-01-29	175+ CRAZY Amazon Kitchen Gadgets You Didn’t Know Existed! *Viral Products 2026*
oeUifXatHpc	4018	2026-04-24	75 Incredible Backyard Gadgets You'll Want To Buy This Summer! 2026
ZrHHvAarZLg	4003	2026-01-14	These Amazon Kitchen Appliances Make Cooking 1000x Easier in 2026..
9HjsBAqCVGA	3970	2026-02-20	29 Modern Smart Home Gadgets For An Aesthetic & Functional Home
ubfs8h4t41E	3964	2026-03-03	27 CLEVER Amazon Finds for Tiny Apartments That Maximize Every Inch! (2026)
Fl24QQ9JQxk	3957	2026-03-02	100 Amazon Home Gadgets That Look 10 Years Ahead
4JD9Erd-cPQ	3948	2026-03-21	33 Modern Driveway, Patio & Backyard Design Ideas For A High End Look! *Outdoor Decor Ideas*
_36V__3TR7M	3932	2026-04-08	27 CLEVER Amazon Kitchen Gadgets That Are Incredibly Useful! 🔥
pPlrXmqvx3k	3917	2026-04-07	405 Best Luxury Amazon Kitchen Gadgets Of 2026!
UXGh8MocSxw	3917	2026-02-17	These Luxury Amazon Finds Will Instantly Elevate Your Home Life!
zGDn2YoWm9A	3874	2025-12-26	37 Coolest Car Gadgets on Amazon You’ll Wish You Bought Sooner!
7cOwh2h05Eo	3863	2026-03-27	85 CLEVER NEW THINGS ON AMAZON THAT ARE LEGITIMATELY AMAZING
6OUHc42WoJY	3840	2025-12-12	150+ GENIUS Amazon Kitchen Gadgets That Make Cooking 1000x EASIER!
OScz-LliQ2s	3821	2026-02-14	75 Luxury Amazon Kitchen Upgrades Your Home Needs in 2026!
v5hh0SYulT0	3820	2026-04-24	100 NEW & POPULAR Amazon Kitchen Gadgets You Shouldn't MISS In 2026!
Iuvd-EpCpMM	3814	2026-01-24	75+ Luxury Amazon Home Furniture & Interior Design Ideas for 2026!
r-JUo_R10EU	3779	2026-03-15	35 New Smart Home Gadgets Everyone Is Buying In 2026
sq-Jjr0lMtk	3773	2026-02-02	110+ CRAZY Amazon Home Gadgets Everyone Is OBSESSED With! *Viral Products 2026*
q12-f-iWmf8	3772	2026-05-18	170 Luxury Amazon Finds That Will Instantly Upgrade Your Home!
NmGEuCOW9mY	3747	2026-01-01	65 Clever New Amazon Finds That Are Legitimately Amazing!
8tDC3gd4CqQ	3745	2026-02-19	27 Luxury Amazon Essentials For A Smart & Modern Home!
l-rMJZwUIGA	3740	2026-03-26	150 Genius Amazon Home Gadgets That Make Life Ridiculously Easy in 2026!
dWppBk5PR6Q	3732	2026-05-28	100+ Viral Temu Kitchen Gadgets You’ll Wish You Bought Sooner (2026)
FVvkhvp5ffc	3732	2026-04-09	107 WEIRD Temu Gadgets That NOBODY Knows About… And They're SO COOL!
-9NpR-Se7do	3704	2026-04-17	*NEW* 117 Elegant & Luxury Furniture That Will Instantly Upgrade Your Home's Vibe!
zukhYX_Px6A	3703	2026-03-19	67 Smart Home Furniture & Interior Decor for Modern Luxury Living!
izLGTvfGAks	3692	2026-04-30	27 NEW Amazon Kitchen Gadgets That Make Cooking 10x Easier!
sCQFzT0OZLI	3683	2025-12-26	These Might Be the Weirdest Amazon Home Products Ever… Until You Try Them!
karCQynez9s	3668	2026-02-13	85 Amazon Home Comfort Products Everyone Is Buying Right Now
UyZRzbV9psE	3658	2026-02-21	35 Luxury Amazon Gadgets For Tiny Kitchens & Apartments
ZATEDPn6E6s	3639	2026-04-11	27 Insanely Cool Home Furniture You Can Actually Buy!
DX_kvF1mAZU	3582	2026-02-03	75 VIRAL Amazon Kitchen Gadgets Everyone Is Buying in 2026!
97F4jcuvZ3g	3550	2026-01-31	These Amazon Kitchen Gadgets Will Help You Cook Smarter in 2026..
q_zaPtyQOrA	3546	2026-01-16	Why Are So Many People Buying These Amazon Gadgets?
g3wzBk_Q7xk	3542	2026-03-18	33 Luxury Home Decor Finds & Furniture For A More High-End Look! *On Amazon*
azNqvn4waec	3513	2026-01-04	These Luxury Amazon Gadgets Will Bring 1000x More Comfort To Your Home in 2026..
lvTVax44ucA	3512	2026-02-27	These Automatic Kitchen Gadgets Will Save You 10 Hours Every Week! *Amazon*
2roSIXWIsGI	3505	2026-02-09	110+ Amazon Luxury Furniture & Space-Saving Gadgets For A More Comfortable Home!
r19QqD6j-1M	3500	2026-03-02	27 GENIUS Amazon Kitchen Gadgets That Make Cooking So Much EASIER
mPUgzHnP0Sk	3490	2026-02-12	85+ Amazon Home Essentials For Maximum Comfort In Your Apartment! *2026*
yKHmI89N5Bk	3468	2026-04-12	107 HIGHLY Useful Amazon Gadgets You Didn't Know You NEEDED!
jUafF-HOIoo	3464	2026-02-07	25 Genius Kitchen Storage Hacks You'll Wish You Knew Sooner..
Hyde9t6nWo8	3457	2026-01-26	33 New Amazon Smart Home Gadgets That Will Change How You Live..
cqugmxCbiYg	3453	2025-12-29	Don't Miss This INSANE Modern Amazon Furniture in 2026..
opQ7O0AcbyM	3450	2026-03-10	105 Super Useful New Kitchen Gadgets To Lose Weight
LTazPJY7zNU	3438	2026-03-20	85 Smart Home Furniture For Modern & Luxury Living in 2026!
jLenAfAxVvY	3414	2026-02-18	The Most POWERFUL Amazon Gadgets You Can Buy in 2026..
qkh9KsSniPk	3413	2025-12-16	165 Amazon Finds That Instantly Make Your Home 10x More Comfortable!
qTWkr6T1GI0	3375	2025-12-21	These Amazon Finds Fix Tiny Annoyances You Ignore Daily
-2Zhg4mzSas	3368	2026-03-18	70's Inspired Home Decor That's Secretly Making A Comeback
h_U_ImqPW6I	3357	2026-04-05	Luxury Bathroom Gadgets That Instantly Upgrade Your Home
09h663srmhg	3353	2026-01-24	Incredible Amazon Camping gear Everyone WIll Appreciate in 2026..
UREPInzAC4k	3331	2026-03-13	27 Simple Decor Upgrades That Make Your Home Look High End!
7poYzKw6iA8	3330	2026-03-10	33 WEIRD Gadgets Selling Out On Amazon Because They're So COOL!
OKqoMj66ics	3317	2026-03-12	110 SUPER SMART KITCHEN GADGETS YOU CAN BUY ON AMAZON! *2026*
x-_VKJzF50o	3299	2026-06-04	175 Best Redneck Luxury Finds Of 2026!
07i0mevgR-s	3283	2025-12-13	150+ Insanely Useful Kitchen Gadgets EVERYONE Is Buying in 2025
9D3sLdKZRyk	3274	2026-05-10	15 Futuristic Cars & Toys People Can't Wait To Buy
UfpiDf2jy38	3272	2026-02-23	Don’t Upgrade Your Home Until You See These Smart Amazon Gadgets in 2026..
lr1YzI1OVn4	3267	2026-02-01	29 Luxury Amazon Smart Home Gadgets That Will Elevate Your Living Space
yXAxc5N9wWc	3239	2026-01-11	These Luxury Amazon Home Gadgets Will Change How You Live in 2026..
NstYm_d2OEg	3227	2025-12-28	These Amazon Finds Will Make Life 1000x Easier in 2026!
8gKnSxiiaV4	3218	2026-03-17	33 AMAZON Smart Home Gadgets That Will Make Your Life 1000 Times EASIER! *2026*
CDh_jcqYovE	3210	2025-12-22	These Amazon Gifts Made Me Finish My Christmas Shopping in One Day
YayFVlIRJE4	3206	2026-03-01	25 Luxury Home Gadgets That Instantly Upgrade Your Space
pKoiqy6Ktlw	3199	2026-01-04	97 Luxury Amazon Home Furniture & Interior Design Ideas for 2026!
7VHHluKfRvQ	3194	2025-12-28	You Won’t Believe These Luxury Home Finds Are From Amazon..
GUj5KMR__qI	3177	2026-03-28	New Tools, BBQ & Outdoors Gadgets For Summer 2026!
7Gu3sm1BxWs	3176	2026-01-14	Revolutionize Your Kitchen With These Luxury Amazon Kitchen Gadgets in 2026..
N47HgSwcvxA	3118	2026-02-23	75 Luxury Amazon Sleeping Gadgets For Ultimate Rest *Deep REM Sleep*
l-pjA1eQmFc	3102	2026-01-09	These Weird Amazon Gadgets Fixed Problems I Didn’t Know I Had..
-09INUV7I70	3101	2025-12-15	Top 200 MOST USEFUL Amazon Gadgets You MISSED In 2025!
kcJgps9Wy-0	3100	2026-01-02	These Popular Amazon Kitchen Gadgets Are Selling Out FAST in 2026..
-36PB5N95A4	3089	2026-02-01	35 Best New Gadgets For Men *Viral Amazon Finds*
aiwQsQTLMgk	3087	2026-01-11	200+ SMART Amazon Gadgets That Make Everyday Life EASIER in 2026!
C5hmvWRAS2M	3078	2026-05-06	39 Sneaky Amazon Home Gadgets You'll Wish You Bought Years Ago!
wm1UaShIat0	3075	2026-01-28	These Amazon Gadgets Solve Problems You Didn’t Know Had a Solution..
d6ZIB783Axg	3066	2026-05-29	200+ Genius Smart Home Upgrades For Better Living in 2026 (2 Hour Watch Along)
NlPdyeCpyyM	3064	2026-02-02	Make Your Home Smarter in 2026 With These Amazon Gadgets..
IFZsHmhKLqk	3054	2026-02-16	75 Luxury Amazon Room Finds for a High-End Look
CqDVOF8ZBMY	3052	2026-01-13	COOLEST Amazon Products Everyone Will Own in 2026.. (Don't Miss These!)
Ub6ARnW5Zv8	3044	2026-04-03	27 Genius Kitchen Design & Storage Ideas with Space Saving Smart Furniture!
fr6f7zUPpfI	3041	2026-03-08	27 Amazon Smart Home Gadgets That Will Save You 10 Hours a Week!
rXaZSz4CJEI	3016	2026-04-23	37 High End Smart Home Furniture That Will Instantly Upgrade Your Home!
uWRHfsxqCV0	3012	2026-03-27	33 High End Smart Home Furniture For Modern Luxury Living in 2026!
FkBU5UHpbts	3009	2026-06-06	27 NEW Amazon Home Gadgets Selling Out FAST… and They're SO Worth It 🔥
ydLfFn7JHAk	2990	2026-05-03	105 Viral Amazon Furniture & Home Gadgets That Everyone Is Buying
XZkvRv1_GBQ	2990	2026-01-14	65 Insanely Cool Amazon Gadgets That Will Sell Out This January!
6oHY8vVooKk	2980	2026-01-21	67 Incredible Amazon Gadgets for More Comfort & Wellness in Your Home
4VIDk4LPlr4	2966	2026-06-01	27 New Amazon Kitchen Gadgets That Make Cooking 3X Faster 🍳🤯
3dcHNH-5t-w	2950	2026-03-07	100 New & Modern Amazon Finds That Will Upgrade Your Home's Vibe!
077TFYt_q8s	2949	2026-02-14	87 Modern Amazon Home Upgrades That Instantly Make Your Life 10x Better
tjQzP3jtK_w	2940	2026-05-13	100+ Premium Amazon Kitchen Gadgets That Will Upgrade Your Cooking!
46NN83GxKCs	2918	2026-01-26	Amazon Is Selling These WEIRD Gadgets… and People Love Them!
0i44bw-llvo	2892	2026-02-15	27 Luxury Pieces That Transform Your Space Instantly
45RFS7o3JjI	2883	2026-05-15	100 Clever Amazon Home Upgrades People Can't Stop Buying In 2026!
toRMoiU09P4	2872	2026-01-15	47 Premium Amazon Home Essentials For Luxury Living in 2026
47VAlg7WPAM	2863	2026-03-15	27 Absurd Amazon Kitchen Gadgets You Will Want To Buy! *Viral*
yQrlKxjnzAU	2862	2026-06-09	100+ GREATEST Temu Gadgets SO GOOD They Can't Be Ignored..
oaoVpYf56TE	2860	2026-05-29	105 New Luxury Amazon Furniture & Home Finds That INSTANTLY Upgrade Your HOME!
nGZyyWZ-FyU	2852	2026-04-02	187 Incredibly Useful Amazon Gadgets That Are Taking the Internet By Storm!
qo4igMfxJoE	2850	2026-02-22	87 Stunning Amazon Backyard Finds For A Mini Outdoor Oasis!
eQZX5wNFSkA	2848	2026-03-07	27 NEW & SMART Amazon Gadgets That Will INSTANTLY Improve Your Home Life!
RtJNeTIE3TY	2844	2026-05-30	Everyone is Buying These INSANE Amazon Gadgets.. Here's Why!
XM7NTr7LWBY	2842	2026-03-18	200+ LUXURY HOME GADGETS & SMART FURNITURE FOR HIGH END LIVING!
UOZ0QCcquDI	2838	2026-05-05	67 Amazon Buys That Make Your Home Feel Like a 5-Star Hotel Overnight!
CwE0L_SMzPU	2833	2026-04-24	Ultimate Luxury Home Decor & Outdoor Amazon Finds For 2026
qnfLsTWhcMQ	2829	2026-04-26	27 SMART Amazon Kitchen Gadgets That Are Actually Worth It..
xWnblQvgQ-M	2817	2026-03-24	95 Smart & Modern Amazon Gadgets That Will Instantly Upgrade Your Home Life!
8En_tKkheis	2809	2026-02-14	29 Luxury Smart Kitchen Essentials For a Modern Home *Available On Amazon*
5175jZdAmQs	2804	2026-01-16	Ninja's New Luxury Line Will Blow Your Mind!
yoQx70Q4wYg	2802	2026-01-15	67 Space-Saving Furniture & Small Space Ideas You Must Try in 2026..
WiT6pD-wjMI	2791	2026-05-21	105 Redneck Luxury Backyard Finds To Make Your Summer Unforgettable
iCdwGqNfpzQ	2774	2025-12-26	20 Amazon Car Gadgets That Actually Make Driving 1000x Safer
4mCC8zy9_cw	2766	2026-02-24	47 High End Amazon Home Gadgets For Modern Luxury Living
TNG1XNlXocA	2763	2026-03-07	Top 100 New & Useful Amazon Home Gadgets For Better Living in 2026!
jJK7Xaxt16s	2756	2026-04-15	30 NEW & Incredible Home Gadgets Temu Isn't Showing You... And They're So COOL!
KxJQSFm1_0Q	2747	2026-05-20	300 New & Incredible Kitchen Gadgets On Amazon! *Spring Shopping Guide*
jE2JPVRz5Gw	2745	2026-01-26	These Might Be the Weirdest Amazon Products Ever… Until You Try Them!
_sAI9l_ID_Q	2735	2026-01-16	You Didn’t Know These Amazon Gadgets Existed — But You Need Them
GWnX3zrvI8I	2734	2026-02-12	Amazon Finds That Instantly Make Your Home Feel High-End
yq90wtILxvw	2728	2026-04-06	175 High End Smart Home Furniture For Modern Luxury Living in 2026! *Ultimate Compilation*
pYY4YISYq9k	2717	2025-12-19	This Smart Home Furniture Is On a Different Level..
auoVJZ5F820	2716	2026-01-11	Everyone Is Buying These 65 Amazon Products Right Now!
ryYPJ5qKbCM	2704	2026-04-13	33 Newest Amazon Finds That Instantly Make Your Home 10x More Comfortable!
pj7vM2UVvoQ	2703	2025-12-31	These Amazon Home Gadgets Will Replace ALL Your Chores in 2026..
QILs15M6Dzo	2698	2026-04-04	150 Amazon Furniture & Decor That Instantly Upgrade Your Backyard!
VkfD7PhfWbY	2696	2026-05-25	100 Mind Blowing TEMU Kitchen Gadgets You’ll Wish You Found Sooner!
kbYeu6n1QwU	2692	2026-04-05	25 Simple Kitchen Gadgets That Will Change Your Life
hH_32U9zRZc	2687	2026-05-27	200+ Modern Smart Home Upgrades That Will Change How You Live! (2 Hour Watch Along)
x9QJL7pGMeg	2675	2026-01-31	Elevate Your Living Space With These Luxury Smart Home Gadgets..
mZ19oQCVmiw	2673	2026-06-02	100+ Genius Amazon Home Gadgets That Make Life DRAMATICALLY Easier! (2026 Edition)
J-bakjSa4LM	2669	2026-03-02	350 Luxury Amazon Products That Instantly Upgrade Your Home
c3cUDOFwIx8	2668	2026-04-04	27 Genius Kitchen Design & Storage Ideas with Space Saving Smart Furniture!
pBiKT5u77y4	2661	2025-12-19	These Smart Home Gadgets Made Everything 100x Easier... (Available on Amazon)
VMBi5rtXXTU	2661	2026-01-01	Small But POWERFUL Amazon Gadgets You Will Want To Buy in 2026..
h6XlzcutVlQ	2649	2026-02-02	The Smartest Amazon Home Upgrades You'll Want To Buy In 2026..
_oDggh-bt84	2633	2025-12-30	35+ Luxury Amazon Home Upgrades For 10x More Comfort!
bmGgO0I2mc4	2624	2026-02-15	27 Luxury-Inspired Amazon Finds for an Elevated Home!
-MoW3pd0Ueg	2617	2026-04-12	These Incredible Amazon Kitchen Gadgets Will Save You 10 Hours A Week!
8ewvf5BqaoE	2614	2025-12-11	35+ GENIUS Amazon Kitchen Gadgets You'll Definitely Need This Christmas!
YF1ljFUNuvY	2610	2026-01-21	47 Perfect Amazon Gadgets for Grandma's Home Comfort
-3hIRRU7_7E	2599	2026-04-21	200+ NEW Amazon Kitchen Gadgets That Make Cooking Way EASIER!
76bClEUO8kQ	2578	2026-04-03	250 Greatest New Amazon Gadgets That Make Summer Cooking Unforgettable
NqGwPc_yJGQ	2577	2026-03-30	105 New Amazon Summer Gadgets That Instantly Transform Your Backyard
IADc4b-OAlM	2569	2026-04-17	29 Incredible Space Saving Furniture & Secret Storage That Will Upgrade Your Home!
2D-kRydjFvg	2565	2026-04-27	33 COOLEST Amazon Backyard Gadgets You'll Wish You Bought Last Summer!
lC_fEM6VkEA	2555	2026-01-31	75 NEW Amazon Finds for a COZY Home in 2026!
o2VxJnlwgEk	2547	2026-03-08	105 Futuristic Amazon Gadgets To Improve Your Sleep & Wellness
oF3ONYBLpIQ	2546	2025-12-12	35+ CLEVER Temu Kitchen Finds That Make Cooking 1000x Easier!
oStZ3DlTSBA	2515	2026-03-07	117 Greatest Amazon Backyard Gadgets You'll Want This Summer!
2qsj0scZvZQ	2501	2026-04-10	107 NEW Amazon Gadgets You'll Want This Summer... And They're So COOL!
wEEzCnnTtSE	2486	2026-06-05	95 Viral Luxury Home Decor Finds & Designs For 2026!
eD7hhDu5G90	2481	2026-01-04	99 Weirdest, Most Genius Things on Amazon You Never Knew Existed!
x1alYeNoLDY	2476	2026-05-27	100+ Modern Smart Home Furniture For Effortless Living In 2026!
v0VJZJPxy2k	2471	2026-06-05	250 Luxury TEMU Gadgets Under $100
97pgXYoRSZY	2470	2026-04-21	300 ACTUALLY Useful Temu Gadgets Worth Buying! *Ultimate Shopping Guide*
q7fq80RhdcQ	2469	2026-03-16	27 Luxury Smart Home Gadgets & Modern Furniture That Will Instantly Upgrade Your Living! *Amazon*
_y9GAPectLA	2468	2025-12-18	35 NEW & AMAZING Smart Home Gadgets You Can Buy on Amazon in 2026!
Allrr_zSjKU	2465	2026-02-20	55 Amazon Smart Home Gadgets That Feel 10 Years Ahead
cGyECDHUH9A	2464	2026-02-04	100 Greatest Amazon Gadgets for 1000x More Comfort in Your Home!
7zqhUuOOpFY	2464	2025-12-27	29 Futuristic Smart Home Furniture That Are Out Of This World!
IluJMMRMVa8	2447	2026-04-23	These 27 Luxury Amazon Kitchen Gadgets Will Change How You Cook
B30ck0aA6lw	2435	2026-03-14	105 Luxury Amazon Seniors Gadgets That Make Moving 10 X Better
vbhwSISrFFo	2429	2026-05-30	23 INCREDIBLE Gadgets You Can Find At BEST BUY!
mzu2T-G1GEw	2422	2026-02-25	27 Space Saving & Multifunctional Furniture Ideas For Your Home in 2026!
h4n62-yjwJ8	2421	2026-02-22	27 Luxury Amazon Living Room Finds for a High-End Look (2026)
Q4ZZoGbPqM4	2419	2026-02-01	35 Luxury Man Cave Gadgets Every Dad Should Have
bTsZeImuoz8	2418	2026-05-22	67 GENIUS Amazon Kitchen Gadgets That Make Cooking 10x FASTER
mYHgjjQU2mw	2414	2026-05-03	30 VIRAL Amazon Kitchen Gadgets You'll Wish You Found SOONER!
IncSF8iGZFo	2405	2025-12-26	These VIRAL Amazon Smart Home Gadgets Save Me 23-Hours EVERY WEEK!
wtFeO6rvmBU	2389	2026-02-16	27 High-End Amazon Furniture & Decor Finds All Under $100 (Budget Dream Room)
7krqb1jI-Xk	2385	2025-12-29	Luxury & Comfort Amazon Home Finds Everyone Missed in 2025!
idqPeX1lVxQ	2383	2026-01-25	29 Helpful Amazon Smart Home Gadgets That Will Simplify Your Home Life in 2026
oa2dkUbi_Gw	2382	2026-04-26	189 INSANE Luxury Backyard Finds That Transform Your Patio Instantly!
K27l_BBg8vM	2379	2026-03-05	100 Luxury Amazon Products That Instantly Upgrade Your Home
HzndLOjpDWE	2379	2026-04-25	33 SMART Kitchen Gadgets You Didn't Know Existed... and Actually WORK!
DuErFqkQhro	2377	2026-02-13	27 Amazon Smart Home Gadgets That Will Make Life 1000x Better
L_e12MKIH5w	2367	2026-04-14	Top 100 Most COMFORTABLE Home Furniture You Can Buy On AMAZON! **Viral Products 2026**
rjmRdiE84Ss	2366	2026-04-03	29 AMAZON Smart Home Gadgets That Will Make Your Life 1000 Times Easier!
1N7XgSiklbY	2356	2025-12-27	Men Will Be OBSESSED With These Amazon Gadgets in 2026..
RUoJWjfTrwU	2355	2026-03-01	14 AI-Powered Bedroom Products to Sleep Like Never Before
_R0dIIvmuHU	2346	2026-02-14	Turn Your Home Into a Modern Luxury Condo with These 47 Amazon Finds..
AOBg4IU22io	2341	2026-02-24	Spruce Up Your Home With 27 Designer Inspired Furniture Ideas!
QY_KVlFO0uU	2333	2026-04-22	37 Viral Amazon Kitchen Gadgets You Must Grab This Month (Before They’re Gone!)
CABOsvRFeec	2332	2026-02-12	275 Luxury Amazon Gadgets That Instantly Upgrade Your Kitchen
P6GePgUQraI	2322	2026-05-29	100+ NEW Smart Home Furniture For Modern Luxury Living In 2026!
kAF_L4kTk8k	2292	2026-02-03	255 Amazon Cooking Gadgets Worth Buying In 2026 *With Prices*
9fyzo-Iecf0	2292	2026-02-04	Your Home Is Outdated — These 75 Smart Amazon Gadgets Fix That!
2zD7LyUeuSw	2279	2026-02-08	Everyone is Buying These New Amazon Kitchen Gadgets (Here's Why)
cfjq0ZFnNyk	2277	2026-01-25	33 Life-Improving Amazon Gadgets for Better Sleep, Balance, and Ease
DyEhKRVbdFM	2272	2026-02-09	These Weird & Clever Amazon Gadgets Are Flying Off The Shelves in 2026!
zG_D5hJSEQ8	2267	2026-01-30	35 Luxury Kitchen Features & Gadgets That'll Make Your Friends Jealous
F8-u4HmVpfA	2250	2026-01-22	165 Amazon Home Gadgets That Make Everyday Life Effortless
fwqzSuy8QWk	2249	2026-02-08	75 Amazon Luxury Home Gadgets That Make Everyday Life Feel Effortless!
A10O6XwJBBE	2248	2026-05-22	200+ Smart Amazon Kitchen Gadgets That Save You Time And Hassle! *2026*
TW4ZF8wamyo	2247	2026-05-21	2 Hours Of Inspiring Home Decor Ideas That Instantly Elevate Any Room! *2026*
D8dKQNcXiHM	2244	2026-03-28	Futuristic Luxury Home Technology That Makes Life 10 X More Comfortable
3UD5OixB4t4	2242	2026-01-27	25 New AMAZON AI Gadgets That Automate Your Cleaning Home & Kitchen
CoLzgDRBbqg	2241	2025-12-16	33 Amazon Kitchen Organization & Storage Hacks for Tiny Apartments! *MUST SEE IN 2026*
3iL5BXEQLKY	2237	2026-05-12	67 VIRAL Amazon Home Gadgets People Can’t Stop Buying.. And They’re SO GOOD!
qxri92oN0KU	2235	2026-04-17	These SMART Kitchen Gadgets From Amazon Will Save You TONS of Time! *Meal Prep Faster*
Nch64Pem1sk	2230	2026-03-07	27 TIME SAVING Amazon Gadgets Every Kitchen Needs!
AYOPDYZZhiM	2230	2026-03-11	Amazon Is Selling These WEIRD Gadgets… and People LOVE Them!
zD1oSZ0hdRg	2229	2026-05-24	100+ Clever Amazon Home Upgrades That Make a Huge Difference!
39wvg-wirs8	2222	2026-03-08	100 Luxury Bathroom Finds & Designs That Instantly Upgrade Your Home
PklvuVaqB9o	2212	2026-04-30	30 EASY Amazon Kitchen Gadgets For Busy Moms On a Tight Schedule!
HRxVTerKGsk	2200	2026-05-11	67 Luxury Amazon Kitchen Gadgets That Will Upgrade Your Cooking!
pPQkkH8cjXs	2197	2025-12-13	85 Modern Kitchen Appliances & Smart Home Gadgets for a Comfortable Life!
Wmq9hZjVnBU	2196	2026-01-12	..MORE Amazon Stuff That's ACTUALLY Useful in 2026
KNJsLKwkDSM	2179	2026-01-10	Lazy People Will LOVE These Kitchen Gadgets in 2026..
gvhRE7TOguA	2171	2026-03-13	27 MIND BLOWING Amazon Smart Home Gadgets For Future Living!
8NwMV_2f0yg	2168	2026-04-06	33 Incredible Amazon Home Gadgets That Make Life Easier and More Efficient!
kV4N0zFugzE	2164	2026-01-25	30+ Clever Amazon Gadgets That Make Everyday Life Better
6VGtPnr0X2U	2162	2026-03-02	27 NEXT LEVEL Amazon Smart Home Upgrades for Luxury Modern Living!
i6IZks8pbFo	2150	2026-04-21	27 Luxury Amazon Decor Finds to Take Your Home from Fine to Fabulous!
VLiV8FMejIk	2145	2026-04-17	29 NEWEST Amazon Comfort  Furniture Every Home Needs!
E1LENhiVzjU	2139	2026-03-07	27 NEW & HIGH END Amazon Kitchen Gadgets That Will Save You TIME & MONEY!
hhiydgLTnPY	2137	2026-03-26	150 Mind Blowing Amazon Gadgets You Didn't Know Existed Until Now!
0qrIUz7Z11s	2134	2026-04-25	19 Smart Home Decor Finds That Will Give Your Home a Modern Vibe!
_ocV-7nCCso	2127	2026-02-22	27 Creative Amazon Room Decor Ideas Everyone is Buying in 2026!
J_J42ua5QDw	2120	2026-03-29	Best Legal Home Defence Systems You Can Buy In 2026
gYBHM2fA5ig	2117	2026-05-11	70 INCREDIBLE Gadgets Amazon Is Hiding From You.. And They're SO GOOD!
zBusDSvCX-Q	2111	2026-06-07	37 Temu Gadgets SO GOOD They Can't Be Ignored..
pXdYyUumsqg	2099	2026-01-08	These Amazon Kitchen Gadgets Just Keep Getting Better...
ptUWoyjrEXY	2092	2025-12-26	These Amazon Home Comfort Gadgets Are Taking Over in 2026..
kgopCJofCus	2089	2026-05-06	95 VIRAL Amazon Kitchen Gadgets Selling Out Right Now in 2026!
3aiBw2AkITs	2072	2026-04-19	If Your Bedroom Isn’t Relaxing, These 27 Amazon Finds Will Change That
k1r8d-0YDso	2063	2026-01-17	135 Amazon Home & Office Finds That Instantly Make Your Life More Comfortable
hSbXSdyVm70	2062	2025-12-18	Top 100 ULTIMATE Amazon Home Essentials For Maximum Comfort in Your HOME!
AwLXlfPj3IM	2058	2025-12-19	These Amazon Finds Made Me So Comfortable... I Never Leave My Home
_PbN29kDgfs	2046	2026-01-02	15 Amazon Gadgets That Make Seniors Lives Instantly Easier
5x9PQIbpGh4	2040	2026-02-28	97 Premium Amazon Smart Home Essentials for a Modern Lifestyle!
kq-EcRIR698	2038	2026-02-17	27 Amazon Smart Home Upgrades for a Modern & Luxurious Life!
gy7dTWLkIyw	2036	2026-01-11	These Viral TikTok Kitchen Gadgets Will Change How You Cook in 2026..
jGEzquynmdY	2031	2026-06-08	110+ Modern Smart Furniture & Home Ideas That Will Upgrade Your Living in 2026!
1nF779i1bMQ	2031	2025-12-25	50 Epic Amazon Finds You Need to See in 2026!
XV43spu8HA4	2015	2026-03-26	200 INSANE Amazon Kitchen & Home Finds That Are Selling Out Everywhere in 2026!
U765sFh2340	2011	2026-03-23	Top 100 Helpful Amazon Kitchen Gadgets Seniors Will Appreciate in 2026!
Vn5m9mKwr1w	2005	2026-01-25	45 Genius Amazon Home Storage & Luxury Designs
QWe2E2W4tT4	2003	2026-01-09	245 Luxury Amazon Gadgets That Make Everyday Suck Less
KfPKg2ioJeE	1995	2026-04-06	33 Amazon Smart Home Gadgets & Furniture That Will Change How You Live!
UwHR8Hn5zvA	1994	2026-04-12	29 Incredible Kitchen Gadgets That Will Instantly Upgrade Your Cooking!
9ICHZiawUxk	1994	2026-03-13	127 Smart Home Decor Finds For Modern Luxury Living! Elevate Your Home
yM8du5Q84D8	1992	2026-03-06	TOP 100 AMAZING GADGETS AMAZON ISN'T SHOWING YOU!
7H8Dvi8WsZo	1992	2026-03-25	75 Amazon Garage & Workshop Gadgets That Are Actually Life Changing!
nT0tHZe7WCY	1989	2026-03-28	29 GENIUS Amazon Home Gadgets That Make Life Ridiculously EASY in 2026!
yAQBJsNcxm0	1984	2025-12-12	85 TIME-SAVING Amazon Kitchen Gadgets You'll Want To Buy!
3Eb3SGSpA-o	1977	2026-04-20	37 INSANELY Useful Amazon Travel Gadgets You Didn't Know Existed! Amazon 2026
zTaWCJ9ZKSs	1972	2026-05-17	15 Cool New Tools Every Man Should Own
IUZLKvUAVqE	1965	2026-03-07	Amazon Is Selling These WEIRD Gadgets… and People LOVE Them!
rpMXnSfqLg4	1957	2026-01-08	Amazon Kitchen Gadgets People Can’t Stop Buying in 2026
Yj96HC0vqfo	1953	2025-12-29	200 INCREDIBLE Amazon Kitchen Gadgets You Missed Last Year..
bIu7zaedH8E	1948	2026-04-02	200+ GENIUS Amazon Kitchen Gadgets You Didn’t Know You Needed! *Viral Products 2026*
i5cjDa6SWP4	1946	2025-12-20	These Luxury Furniture Finds Made My Home Feel Expensive
dkMoX7txFK4	1940	2025-12-11	200+ NEW & MODERN Amazon Kitchen Gadgets Worth Buying Right Now!
6wYir0m1_CY	1940	2025-12-16	20 Modern Luxury Kitchen Designs of the Future You'll Want To See!
R2lDcwhE3Iw	1932	2026-04-16	105 Ultimate Space Saving Gadgets For Tiny Homes
BuVDSto_apE	1932	2026-05-28	100+ Life Changing Amazon Gadgets For Stress Free Living in 2026!
fLbHNP8PqrU	1931	2026-03-21	New Luxury Home Decor That Adds Warmth To Any Room
L4Sk_MvGZ10	1931	2026-05-22	100+ Brilliant Home Decor Ideas For a Modern Luxury Lifestyle! *1 Hour Of Inspiration*
6nAotI3xt48	1922	2026-02-05	35 Genius Amazon Kitchen Gadgets That Save Time
DkqIaJ6ca6I	1917	2026-01-25	25 Luxury Amazon Car Accessories That Make You Look Rich
Nxm_4ygQmd4	1914	2026-02-25	23 Backyard Patio Ideas For A Modern Outdoor Oasis
UzeR-tv4uEI	1903	2026-05-06	97 Amazon Smart Home Gadgets That Will Future-Proof Your House Today!
wbGE-9onpFg	1897	2026-04-08	97 WEIRD Gadgets Amazon Isn't Showing You… and They're Incredibly USEFUL!
NDODFDij8g4	1893	2026-01-05	75 Things Keep Selling Out On Amazon Because They're So Comfortable!
vbnh5xcyXH0	1889	2026-05-11	40 NEW  Amazon Kitchen Gadgets Selling Out FAST… and They're SO Worth It 🔥
lmpzfZPNP2I	1883	2026-02-24	27 Stunning Backyard Furniture Ideas To Create Your Dream Oasis
coSnbZINIzk	1880	2026-03-12	25 Craziest Home Comfort Finds On Amazon In March!
-mJAN91F2eI	1878	2026-01-01	Every Home Needs These Luxury Amazon Home Gadgets in 2026!
6J5RwbtnFDI	1866	2026-02-27	67 Brilliant Amazon Finds That Maximize Space In Your Home! (2026)
xVyAMotwj8k	1865	2026-01-28	35 Lazy Chef's Amazon Kitchen Gadgets
tHecghuGVTA	1865	2026-03-14	27 Amazon Gadgets All LAZY People Need In Their Kitchen!
dM3yQB53ah4	1852	2026-03-06	29 SUPER USEFUL NEW KITCHEN GADGETS AVAILABLE ON AMAZON!
sodT6esm9_U	1850	2026-03-29	Luxury Home Decor & Designs To Instantly Upgrade Your Home
yF0HxqstSZQ	1847	2026-05-20	37 Insane Space Saving Home Furniture You've Never Seen Before.. And They're So GOOD!
evasMf27Tl4	1845	2026-01-09	29 Weirdest, Most Genius Things on Amazon You Never Knew Existed!
6SNyH5eRgAM	1839	2026-04-13	These Luxury Amazon Decor Items Will Instantly Upgrade Your Home’s Vibe..
dWbzKoLcuNA	1832	2026-01-12	This Tiny Gadget Replaces 10 Kitchen Tools at Once!
lc0DcrSzI_s	1830	2026-05-20	3 HOURS of Stunning Home Decor Ideas For Spring 2026! Ultimate Shopping Guide
LBU2M4DgB8k	1830	2026-04-04	33 Smart Luxury Gadgets That Will Upgrade Your Entire Home..
50-A8d6mMD8	1822	2026-03-06	Top 100 COOL & NEW Amazon Gadgets You’ll Instantly Want To BUY!
Eso8VoDf9Y4	1820	2026-05-03	95 Futuristic Amazon Kitchen Gadgets That Will Make Your Life 100 X Easier
VRdyZLE_n_c	1819	2026-02-23	37 Cool & Modern Living Room Furniture Ideas For a More High End Home!
Fte1YtBFQaM	1818	2026-05-23	200+ Luxury Decor Finds To Elevate Your Home in 2026! *2 Hours Of Ideas*
W8_MN4RXzOo	1806	2026-03-09	109 SUPER USEFUL NEW KITCHEN GADGETS AVAILABLE ON AMAZON!
NcM7WsIB_v4	1799	2026-01-16	127 Brilliant Amazon Gadgets That Make You Say ‘That’s Smart’
mhnfe2CyVHo	1793	2025-12-17	35 GENIUS Amazon Kitchen Storage Solutions & Organization Hacks For MORE Kitchen Space in 2026!
nll7v6SRKww	1790	2026-05-19	100 Silent Luxury Upgrades to Elevate Your Home (Modern Style)
euTmVcM2n6Q	1780	2026-02-22	300 Futuristic Amazon Kitchen Gadgets That Feel Like They're From 2037
OL72Zt3YA0A	1779	2026-01-29	65+ Luxury Amazon Home Furniture & Interior Design Ideas for 2026!
Z8oytGF6Eaw	1773	2026-02-28	Top 100 Mind Blowing AMAZON Gadgets You’ll Wish You Found Sooner!
SNfU8jjU3ao	1773	2026-01-10	200+ Amazon BEST-SELLERS Everyone Is Buying in 2026!
thpNDt2bnZ8	1761	2026-02-05	Finally Organize Your Kitchen in 2026 With These Clever Amazon Gadgets
mMkgY0JI4yw	1757	2026-04-28	Everyone Is Buying These Viral Amazon Gadgets Right .. And They're So GOOD!
_cxaXndeqDQ	1748	2025-12-18	These Space-Saving Amazon Gadgets Made My Tiny Kitchen Actually Usable
NIxRZlaxFi4	1744	2026-02-17	35 Unique Amazon Home Decor & Designs That Feel 10 Years Ahead
wEpXsRLETig	1743	2026-03-11	35 New Luxury Temu Gadgets That Instantly Upgrade Your Home
nDp9Q8YB_YY	1741	2026-03-29	Genius Ideas For Small Kitchens
aFzveKumkkE	1734	2025-12-14	100+ GENIUS Products Amazon Is Secretly HIDING From You!
LKBIS7p_hc8	1723	2026-03-22	100 Amazon Gadgets So Good, You’ll Wonder How You Lived Without Them!
gmAtqUuJ-ds	1718	2026-01-11	Amazon Ultimate Muscle Recovery & Lymphatic Drainage *Used By TOP Athletes*
TGHANiu-bdo	1703	2026-03-24	150 Luxury Amazon Living Room Finds That Instantly Elevate Your Space!
j93iHAocScw	1699	2026-04-25	33 NEW Amazon Kitchen Gadgets Everyone Is OBSESSED With Right Now!
1tTjBtGRAQM	1699	2026-05-16	100 MOST VIRAL Amazon Smart Home Gadgets Everyone Is Buying In 2026!
bq6MJhAVj_4	1697	2025-12-20	These WIERD Amazon Kitchen Gadgets Save Me 23-Hours Every Week!
BHdiP7rJdiI	1694	2026-02-12	67 Designer Amazon Gadgets That Will Turn Your Backyard Into A Luxury Escape
bKiMKkxS9s4	1692	2026-03-05	100 Patio & Backyard Upgrades That Instantly Elevate Your Outdoor Space
KLji37lNgcc	1687	2026-01-13	These Temu Gadgets Are Too Smart to Ignore...
LgIOv0_YoGI	1685	2026-04-15	37 Luxury Senior's Gadgets For Better Living Over 60+ **On Amazon**
RsbBMtr0EoA	1684	2025-12-18	No Time To Cook? These 15 Gadgets Will Change Your Life
ojtYUuf_bYI	1682	2026-04-10	27 INSANELY Smart Furniture You Need In Your Home! 🤯
1EgIsb00Yxs	1681	2026-01-18	These Luxury Home Comfort Gadgets Are Quietly Going Viral on Amazon..
2OPQzHj8c7Q	1680	2026-04-01	55 Genius Amazon Space Saving Gadgets For Tiny Homes
_2xKOoFI0bQ	1678	2026-02-26	127 GENIUS Amazon Kitchen Gadgets That Make Cooking So Much EASIER
VnBiHMhvM10	1677	2026-04-19	200+ Incredible Gadgets That Shouldn't Be Real… And You Can Buy Them Now!
m4c4V3i_Dg0	1670	2026-03-16	Top 100 Viral Amazon Furniture & Interior Decor Finds Everyone Is Raving About! *2026*
FzqLiOw0BHw	1669	2026-01-25	150 Luxury Amazon Finds That Everyone Is Buying In 2026!
EHCXYuIJm3c	1669	2026-04-15	19 Space Saving Kitchen Designs & Clever Storage Ideas You've Never Seen Before!
PZwgAjBFGI0	1667	2026-05-25	100+ Luxury Backyard Furniture & Outdoor Decor Ideas For Summer 2026!
YBjq1VFqygg	1663	2026-02-06	37 Amazon Home Gadgets to Live Smarter & Stress-Free!
9ya7AlPHhys	1653	2026-05-23	365 Luxury Bathroom Gadgets That Instantly Uplift Any Home
WGCPyVRzB6c	1650	2025-12-23	15 Futuristic Kitchen Gadgets That Make Cooking 100x Easier
WC9GeY2YBiQ	1649	2026-02-12	175 Luxury Amazon Home Finds That Instantly Elevate Your Space!
35CKGs5_2tA	1648	2026-05-16	2 Hours of Simple But Clever Amazon Home Gadgets For A Stress-Free Life!
alzYKoweSj0	1647	2026-04-15	29 Luxury Bathroom Upgrades For High End Living in 2026!
0meRcHeWvA4	1645	2026-04-04	105 Futuristic Amazon Fitness Gadgets You'll Wish You Bought Sooner
U7l7Xi_XWVk	1638	2025-12-20	TikTok Made Me Buy These, No Regrets
eheJ-WSRxE8	1635	2026-05-10	Amazon Made Me Buy These SMART Home Gadgets.. And They're So WORTH IT!
5WOL7QbwA7k	1624	2026-05-13	100 VIRAL Amazon Kitchen Gadgets People Can't Stop Buying..
4fsaWnjTPTo	1624	2026-04-16	27 Minimalist & Luxury Backyard Furniture For a Modern High End Look!
3I6K9uixFIk	1617	2026-05-06	47 Luxury Amazon Backyard Finds That Will Uplift Your Patio This Summer!
1RLfNEP5jFM	1612	2026-01-20	75+ NEWEST Amazon Smart Home Gadgets Everyone is Buying Right Now
oj0eUn9c-jU	1610	2026-02-21	27 Quiet Luxury Living Room Essentials For a High End Minimalist Look!
ZxieGXxBm_U	1606	2026-05-10	100 VIRAL Kitchen Gadgets On Amazon.. And They're SO GOOD!
6IXObv0eRFs	1605	2026-02-26	27 Amazon Smart Gadgets That Will Make Your Life 1000x Easier!
NDWkuPihCvQ	1602	2026-05-14	150 Luxury Amazon Home Decor Finds That Instantly Enrich Your Home
YrmZbFIi11E	1593	2026-03-15	Top 100 Home Decor & Design Ideas For A More High End Look!
EjsS8ekP0Ug	1587	2026-03-03	200 NEWEST Amazon Smart Home Gadgets EVERY Home Needs In 2026!
22j7u_Dpv6E	1585	2026-03-31	125 GENIUS Amazon Products For a Stress Free Home Life! 2026
O6EdzT2MpvI	1582	2026-05-09	15 New Garage & Camping Gadgets Every Man Needs Summer 2026
f7Qpwon58_g	1579	2026-01-29	27 LAZY Amazon Kitchen Gadgets For Those Who Hate Cooking!
SaCaKWCfgLI	1574	2025-12-19	These 33 Amazon Finds Turned My Home Into the Ultimate Comfort Zone!
Yk0WnkebMBg	1573	2026-01-04	These Smart Home Gadgets Will Change How You Live in 2026..
eKqMQbQzECc	1558	2026-03-16	75 New Luxury Kitchen Gadgets That Everyone Is Buying
WnDU9gM6iPg	1555	2026-04-11	29 Insanely Cool Amazon Kitchen Gadgets Actually Worth Buying!
raK5h_El0WI	1554	2026-05-24	200+ Incredible Home Decor Finds That Will Elevate Your Living in 2026!
J8xiioGbsGI	1553	2025-12-27	25 SMARTEST Gadgets Amazon is Hiding From You in 2026!
gCIBOtpsvwc	1552	2026-02-21	17 Brilliant Home Decor & Lighting Ideas For a High End Look!
yLoNOiB4Ht8	1550	2026-01-14	These Uncommon Amazon Gadgets Are Impossible to Ignore
1cT9tCSSpDQ	1548	2026-03-31	200 Luxury Amazon Furniture & Interior Decor Ideas That Will Transform Your Home!
GjlSR9CBBLU	1546	2026-05-05	33 Mind-Blowing Amazon Smart Home Finds That Feel Like the Future 2026
u1WtaBr28Sw	1527	2026-05-16	75 Luxury Living Room & Furniture Designs That Transform Any Space
vx3i41N1mS4	1526	2026-03-22	33 Modern Driveway, Patio & Backyard Design Ideas For A High-End Look! *Outdoor Decor Ideas*
oQfVRwxo6Vo	1524	2026-03-22	105 New Luxury Items Every Man Cave Needs For Ultimate Relaxation
ndIRgEwKhpA	1512	2026-03-11	55 Best Amazon Finds That Pet Lovers Are Buying In 2026!
vcR6Mw-x7qc	1511	2026-03-31	105 Advanced Amazon Gadgets That All Seniors Love
3NHop5YInI8	1509	2026-04-18	29 Smart Furniture Ideas That Will Save You TONS Of Space!
apH9JzW1kbQ	1508	2026-04-05	These Luxury Amazon Decor Items Will Instantly Upgrade Your Home’s Vibe..
ZlQFSXGjk2Q	1507	2026-03-12	27 Amazon Smart Home Upgrades You Didn't Know You Needed!
kza1UtNdp7Y	1505	2026-04-13	27 Clever Kitchen Gadgets Amazon's Hiding From You
BTMTmT2dPp0	1503	2026-04-25	If You Spend Hours In The Kitchen, You Need These Amazon Kitchen Gadgets..
pwYDY36OsvU	1502	2026-04-08	250 Genius Amazon Kitchen Gadgets That Are Worth Seeing!
5O25Tf4T5xI	1498	2026-05-14	77 LUXURY Amazon Finds for Tiny Apartments & Small Spaces That Will Upgrade Your Home! *2026*
VodHoJxgLrw	1497	2025-12-11	110 ULTRA LUXURY Home & Kitchen Gadgets That Amazon's Been Hiding FROM YOU!
h6xIDiMCTdM	1493	2026-01-10	Ultimate Kitchen & Mini Bar Set Ups *Space Saving Gadgets*
yks0rx5cFyk	1490	2026-01-15	Your Kitchen Is Unorganized Because You Don’t Own These Amazon Gadgets..
b_oUC_r3-xM	1482	2026-05-09	195 $Million Dollar Backyard Decor & Designs You Can Buy On Amazon Right Now
cso_wXsc1JM	1479	2025-12-29	These Amazon Home Gadgets Will Do EVERYTHING For You in 2026..
6INFpxLiEd8	1479	2026-04-21	33 SMART Amazon Home Office Gadgets You Didn't Know About! *Amazon 2026*
kukQoquLyd8	1473	2026-05-17	127 Luxury Gadgets That'll Make Your Summer Unforgettable
KaUUiOLBYEI	1473	2026-03-30	75 Genius Space Saving Furniture Designs for Luxury Living
i4pLIY0GApg	1472	2026-04-05	29 INCREDIBLE Space Saving Furniture & Storage Ideas For Tiny Apartments
k-DRBqokkoQ	1469	2026-01-02	Turn Your Home Into a Luxury Hotel With These Amazon Gadgets..
-2aTgut09TY	1467	2026-03-17	65 Luxury Amazon Gadgets for Seniors That Will Improve Your Daily Life!
raDtPhxhkiw	1466	2026-05-31	33 Genius Amazon Home Upgrades You'll Wish You Bought Sooner! *2026*
tSsmeCsG61U	1455	2026-01-24	Top 37 Unusual Amazon Gadgets for Outdoor Enthusiasts!
iMSFThtDyeo	1450	2026-01-27	These Amazon Gadgets Will Change How You Live..
JOl_wjttJYo	1450	2026-03-22	125 Top Rated Luxury Space Saving Kitchen Designs For 2026
XJfASnTtVIQ	1445	2026-03-09	35+ Smart & Luxury Amazon Home Gadgets For Modern Living in 2026!
EeRS_pRbzso	1443	2026-02-05	27 Amazon Home & Comfort Gadgets Everyone is Buying in 2026!
URvHeq-vRMA	1441	2026-04-19	Top 100 Luxury Smart Home Upgrades That Will Change How You Live!
ME3j0C6kCAY	1437	2026-02-11	120 Clever Amazon Kitchen Gadgets You’ll Wish You Bought Sooner! (Best Of 2026)
1DtAoSb2Pj8	1431	2026-04-25	33 INSANELY Cool Backyard Gadgets Selling Out Fast This Summer! Amazon 2026
QaMFE6LUrK4	1426	2026-05-01	30 VIRAL Amazon Kitchen Gadgets That Make Cooking EFFORTLESS!
y-geRrIqTog	1422	2026-01-18	Don’t Buy Ninja's New Luxury Gear Until You See This..
v__qoGXvlXg	1416	2026-05-18	200+ NEW Luxury Amazon Home Upgrades for Effortless Living in 2026! *2 Hours Of Ideas*
xpuU8sT7PMQ	1414	2026-02-26	27 Automatic Kitchen Gadgets That Will Save You 10 Hours Every Week! *Amazon*
dCniuXGd3Oo	1408	2026-03-03	37 SPACE SAVING Amazon Finds That Maximize EVERY INCH In Your Home!
JbxZtklI1zE	1405	2026-04-25	33 INSANELY Clever Amazon Home Office Gadgets You'll Wish You Bought Sooner! *2026*
cc7sCMdHW6c	1404	2026-03-19	Top 100 Amazon Smart Home Gadgets That Will Change How You Live in 2026
hD_UuecpZ9g	1402	2025-12-15	Amazon Is Selling These WEIRD Gadgets… and People Love Them!
JsJpR_vNwGE	1401	2025-12-15	35+ GENIUS Amazon Smart Home Gadgets That Will Upgrade Your Living!
zOxT4LfAASk	1400	2026-03-09	These Amazon Smart Home Gadgets Will Save You 10 Hours Every Week..
qsab7vrP2yw	1396	2026-02-08	300 Ultra Luxury Amazon Living Room Gadgets That Uplift Your Home
ADpDsS4pQqI	1395	2026-04-07	33 Smart Amazon Finds That Instantly Make Your Home Better!
jpuV4IVFi30	1389	2026-01-12	These Temu Home Gadgets Are Going Viral for a Reason...
_u1pZpIIUaA	1387	2026-02-27	Top 100 NEW & USEFUL Kitchen Gadgets on AMAZON (2026)
pmEQmOk-oFk	1385	2026-05-08	47 INCREDIBLE Backyard Gadgets Amazon Isn't Showing You.. And They're So GOOD!
QUGgHHXEuBU	1378	2026-04-17	97 Clever Home Storage Ideas & Space Saving Furniture You've Never Seen Before!
jq2TkEC-X8Q	1377	2026-05-27	Top 100 TEMU Kitchen Gadgets Everyone Is Raving About in 2026!
GNAAaQHP7nk	1376	2025-12-30	25 Amazon Kitchen Gadgets For LAZY People! [2026]
RLnoW2vtJAQ	1371	2026-05-20	100+ Modern Luxury Decor & Furniture That Will Elevate Any Room! *1 Hour Of Ideas*
IqcVR0KAQpk	1370	2026-04-21	Your Home Isn’t Smart Yet? These Amazon Gadgets Will Change Everything..
dNS3vmReJNg	1368	2026-01-13	110 Cool & Popular Amazon Gadgets Everyone Will Want in 2026!
4rdGjdaaIw4	1367	2026-05-14	Luxury Home Decor & Design Ideas For An Ultra Modern Look
W8spwmbd06U	1365	2026-05-12	70 Incredible Amazon Home Finds That Will Instantly Improve Your Life!
CMOWCjAtALc	1365	2026-02-26	These Luxury Amazon Items Will Instantly Upgrade Your Home’s Vibe
iyAAHj4Zm2A	1359	2026-04-18	29 NEWEST Amazon Comfort  Furniture Every Home Needs!
WHjv53gJcj4	1356	2026-04-28	35 TEMU DEALS So GOOD They Seem ILLEGAL
uaJcxhb4oHs	1351	2025-12-17	30 GREATEST Amazon Kitchen Organization & Storage Solutions in 2026!
bzpqT4Kj9Jo	1351	2026-04-09	75 Luxury Kitchen Gadgets That Amazon Would Never Show You
AHeActITEJs	1350	2026-01-17	67 Insanely Useful Amazon Gadgets You Didn’t Know Existed..
BhqU0s-ngkU	1348	2026-01-23	15 Coolest New Mini Gadgets For Men *As Seen on CES 2026*
zZUW_uQhvys	1344	2026-02-20	17 New Luxury Amazon Lights & Fixtures That Instantly Upgrade Your Home!
zLrsipSNcZc	1337	2026-04-06	INCREDIBLE Space Saving Furniture and Smart Home Design Ideas You Didn't Know Existed! 2026 Edition
wVsDmg3eJb0	1336	2026-03-15	35 New Amazon Backyard Cooking Gadgets For An Unforgettable Summer
tbgC_CWrCOo	1329	2026-05-01	120 Luxury Amazon Home Decor Finds That Instantly Uplifts Your Home
-UcIQuCYdvU	1326	2026-05-10	70 Luxury Seniors Gadgets That Make Life WAY More FUN!
4yNsDomrP1k	1322	2026-01-23	27 Absolutely Necessary Amazon Gadgets for Lazy People..
v3NGa8HjbzM	1308	2026-02-01	These Amazon Kitchen Gadgets Will Change How You Cook in 2026..
lGQ9WwJaxrA	1308	2025-12-25	Viral Kitchen Gadgets That Would Make Gordon Ramsey Jealous!
es7XDt5Xeiw	1308	2026-05-08	47 Home Decor & Furniture Ideas Amazon Isn't Showing You... And They're SO GOOD!
LajIq6qTcLQ	1308	2026-04-18	25 Insanely Useful Travel Gadgets That Amazon's Been Hiding From You
o7_eAQ4kMUs	1306	2026-03-15	Top 100 Backyard Decor Ideas For a High End Garden in 2026!
J-gsWptqioY	1299	2025-12-24	15 Viral "As Seen On TV" Gadgets That ACTUALLY WORK!
LLM9UV4OXv0	1298	2026-01-31	These Amazon Finds Will Instantly Make Your Home 10x More Comfortable!
-Q9Pp-i72Sk	1298	2026-02-24	Don’t Upgrade Your Home Until You See These Smart Amazon Gadgets in 2026..
c7i7JUCXfYo	1297	2026-04-19	29 Incredible Space Saving Furniture & Hidden Storage Ideas You've Not Seen Yet!
cqyKNU7a1Ls	1295	2026-03-08	27 TIME SAVING Amazon Kitchen Gadgets That Will Speed Up Your Cooking!
wqKOLBsz9Yw	1293	2026-01-16	These Amazon Gadgets Fix Things You’ve Been Dealing With for Years
LxhJDNdaDbc	1291	2026-04-30	150 AMAZON GADGETS That NOBODY Knows About And Are TOO Good!
vyGNQNRsJ0A	1290	2026-02-21	Modern Smart Furniture That Will Instantly Level Up Your Home *2026*
DDRbSRsU51I	1289	2025-12-29	95+ Modern & Luxury Smart Home gadgets You'll Want in 2026!
-W56rIt6ykU	1288	2026-02-09	These Amazon Smart Home Gadgets Will Make Your Life 1000x Better..
zLCSmMeN8yA	1287	2026-01-10	These TikTok Kitchen Gadgets Save Me 23-Hours Every Week..
7lODxuI36jE	1285	2026-02-27	14 Smart Designer Kitchenettes That Prove Size Doesn’t Matter
0Lyn_3ijHJ4	1283	2026-05-11	200+ GREATEST Home Comfort Gadgets Amazon isn't Showing You.. And They're SO GOOD!
538tQJczJZY	1279	2026-02-22	Don't Buy Another Toddler Bed Before You See This...
j5VjCIn_fZs	1277	2026-03-26	75 Luxury Amazon Backyard Upgrades That Instantly Elevate Your Space!
iofPJbBkPTI	1273	2026-04-08	250 Genius Temu Backyard & Home Gadgets That Every Home Owner Needs
R_-cYEFqXNA	1272	2026-03-03	35 Modern AMAZON Home Gadgets That Your Life Effortlessly Smart!
zu_2Yjao5PU	1268	2026-04-14	27 Cheap Kitchen Gadget’s Amazon’s Hiding From You
mDrpI60cVq4	1268	2026-06-02	100+ CLEVER Amazon Kitchen Gadgets For STRESS FREE Cooking In 2026!
gR8ijlUMlSA	1268	2026-01-13	45 Mind-Blowing Gadgets Amazon Is Hiding From You!
WdiXQ2gYRmc	1267	2025-12-30	Futuristic Gadgets That Amazon Will Be Selling In 2026
txxQrOqE9jo	1266	2026-01-20	55 Amazon Toys Every Kid Will Own in 2026
YMIrMPr1EYM	1264	2025-12-31	300 Luxury Gadgets & Services Coming in 2026!
N8JGH3iMAe0	1259	2026-01-17	Finally Organize Your Home & Kitchen in 2026 With These Amazon Gadgets!
iNpTQ_H7gy0	1251	2026-03-27	33 Luxury Amazon Bathroom Finds That Instantly Make It Look High End!
uo132y3JpNY	1250	2026-01-31	117 Amazon Smart Home Gadgets for Modern & Luxury Living in 2026..
WJmdnHn1oKw	1249	2025-12-22	These Amazon Gadgets Fix Problems You Thought Were Normal
MhKJ2CSOtdg	1247	2025-12-23	These Amazon Christmas Gifts Solve Problems People Complain About Daily
lWji_hId3Zk	1240	2026-02-03	35 Clever Amazon Products For Your Pets!
cMdVhhe3fZg	1240	2026-05-02	27 Amazon Sleep Gadgets Women Over 50 Are Obsessed With!
R_NoaGIwweQ	1240	2025-12-20	These Smart Kitchen Gadgets Made Everything 100x Easier... (Available on Amazon)
E5mQlZafCjc	1238	2026-05-26	100+ GENIUS Temu Kitchen Gadgets For Stress Free Cooking in 2026! *Mega Compilation*
1aCPM8GXKpU	1235	2026-05-02	27 NEW Amazon Kitchen Gadgets That Are Taking The Internet by STORM!
WVhCjMi54hw	1231	2026-04-16	27 LUXURY TEMU Home Decor Finds That Do Not Feel Cheap!
eWnJKb2r100	1230	2026-01-24	33 Smart Amazon Gadgets for a Faster, Easier Home Routine
QdxqaTNRaBY	1227	2026-05-15	105 Luxury Cottage & Country Home Design Trends For 2026!
iqoFdMx_IXk	1225	2026-05-09	70 VIRAL Amazon Home Gadgets That Are Taking The Internet By STORM!
D4DA-h3bMpA	1222	2026-06-09	27 NEW Amazon Kitchen Gadgets Selling Out FAST… and They're SO Worth It 🔥
0CCNb8Bj5_A	1222	2026-03-24	29 AMAZON Home & Kitchen Gadgets That Make Life 1000x BETTER!
Mr7gv-W2f1w	1221	2026-03-02	100 Space-Saving Gadgets That Feel Like Magic
NNBXLRT6gmA	1217	2026-03-24	50 Genius Amazon Home Gadgets That Make Life Ridiculously Easy in 2026!
0xIwO1vYZMo	1217	2026-05-19	Incredible Garden Furniture Ideas That Will Turn Your Backyard Into A Luxury Oasis..
fSxTLyAOvYw	1212	2026-05-13	105+ Best Amazon Home Luxury Finds Of 2026! Viral Picks! ✨
ei3OVygpz-Q	1211	2026-05-13	107 Genius Amazon Smart Home Gadgets & Furniture for Effortless Luxury Living!
Oqk-iTvpW_o	1210	2026-05-21	105 Luxury Amazon Bathroom Gadgets That Will Transform Your Home
RmLGWoZcmsM	1207	2025-12-13	97+ CLEVER Amazon Kitchen Gadgets for LAZY People!
KDzbQD9zZQk	1203	2026-01-20	People Over 60 Swear by These Amazon Gadgets..
7shREQXEuZI	1203	2026-04-09	33 Smart Luxury Furniture Finds That Instantly Make Your Home 10x More Comfortable!
AjJD-udaqrg	1200	2026-02-18	NEW & AMAZING KITCHEN GADGETS YOU CAN BUY ON AMAZON IN 2026!
V5kGTy0XsaU	1199	2026-03-24	33 Incredible Smart Home Furniture For High End Luxury Living in 2026!
2Jr9bR3BWN4	1194	2026-01-28	135 Genius Amazon Home Storage Gadgets Everyone Is Buying In 2026 BEST OF
MHCDHGaCZQQ	1190	2026-02-05	Clever & Modern Amazon Products That Will Make Your Home Smarter in 2026!
cgExxFafM0o	1186	2026-06-04	200+ CLEVER Amazon Home Gadgets For STRESS FREE Living In 2026!
OjnXO9SN8ik	1185	2026-03-16	110+ COOL & POPULAR Amazon Home Gadgets Everyone Is OBSESSED With! *Viral Products 2026*
T5_q_mQmIPE	1183	2026-01-12	These Luxury Amazon Home Gadgets Will Change How You Live in 2026
EWgd-SMQKg0	1178	2026-04-02	29 GENIUS AMAZON Products For a Stress Free Home Life!
9PYj6zSqCBw	1178	2026-03-01	75 Futuristic Amazon Home & Kitchen Gadgets  Actually Worth BUYING in 2026!
i93KXV2fks4	1174	2026-05-31	101 Modern IKEA Home Finds For That Ultimate Cozy Feeling!
xGbt6mEhNFU	1173	2026-04-06	29 INCREDIBLE Space Saving Furniture & Storage Ideas For Tiny Apartments
oeW7GUNmNiI	1170	2026-05-18	100 VIRAL Amazon Finds That Are Secretly GENIUS!
4aV5oVFwoF0	1170	2026-02-09	27 Luxury Amazon Finds for a Modern & Practical Home
5CAztSZpzus	1169	2026-04-07	These Amazon Smart Home Gadgets Will Change How You Live in 2026..
T3zmMyuxRG8	1167	2026-03-14	27 NEW & AMAZING Smart Home Gadgets Available On AMAZON!
Rn5JBevKOPM	1167	2026-03-23	Top 100 Useful & Time Saving Kitchen Gadgets You Can Buy on Amazon in 2026!
QbpVi9Cd5Eg	1167	2026-02-03	155 Next Level Amazon Products For Dog, Cats & Pets+
-jH2o7kFrwc	1162	2026-01-08	These WEIRD Amazon Comfort Gadgets Will Change How You Live
5Q15N-e_yY4	1153	2025-12-15	20+ Futuristic Home Decor Designs & Gadgets
4yJAf3CsqAw	1152	2026-01-28	47 Products On Amazon That Are Einstein-Level Genius!
0DQ2H88HeyU	1152	2026-05-24	67 Time Saving Amazon Kitchen Gadgets For Stress Free Cooking!
kEJkdoOgeos	1148	2026-06-06	33 Space Saving Furniture & Multi Functional Designs for a Modern & Comfortable Home! 🤯
D4t60ZlQkWA	1147	2026-01-11	365 Luxury Tech Gadgets That Make You Feel Rich
-3c1dcJZmIg	1147	2026-02-18	I Didn’t Know My Home Was This Uncomfortable.. Until I Found These Amazon Products
lPZZJc6bYok	1138	2026-02-28	14 AI Powered Bedroom Products to Transform Your Sleep Experience
oPSPhsJzsjM	1137	2026-04-06	45 Luxury & Modern Smart Furniture That Will Upgrade Your Home!
0l6TzMLI81g	1137	2026-04-05	250 Luxury Amazon Car Gadgets  She'll Never Forget
R0cMEgIASAg	1136	2026-05-26	170 Luxury Amazon Smart Home Gadgets For Effortless Living in 2026!
wH7Aga9wqSc	1133	2026-02-13	87 Luxury Amazon Smart Home Gadgets You’ll Wish You Bought Sooner
Nxz3UN3QeRc	1131	2026-03-29	29 CLEVER Amazon Gadgets Will Upgrade Your Home Life!
1UcoP8LSU0w	1131	2026-02-01	155 Luxury Amazon Gadgets Women Are Buying In 2026
s03Z6I8WKyQ	1110	2026-05-31	100+ Must Have Car Accessories Accessories That Will Upgrade Your Ride! *2026 Compilation*
u3Eu1pnaejw	1107	2026-01-16	Most People Over 60 Need These Amazon Gadgets in 2026..
oZ56C8-YhBo	1107	2026-02-22	These Amazon Smart Home Gadgets Will Save You 10 Hours a Week!
FGQh2_u8hEI	1107	2026-02-19	Turn Your Home Into a Modern Luxury Condo with These 37 Amazon Finds..
ZJ_RnpQTjGs	1106	2026-03-12	25 Hottest New Amazon Finds That All Kids Love! *March 2026*
308phGrYPcU	1104	2026-04-07	105 Luxury Amazon Gadgets That Make Camping More Comfortable
qodxyCssYSk	1103	2026-04-29	TOP 150 GENIUS Furniture Pieces That Will CHANGE Your Home FOREVER
uC05w6DimwU	1102	2025-12-29	These Luxury Amazon Essentials Will Upgrade Your Home in 2026..
l7VRLLTDmY8	1100	2026-02-26	67 NEWEST Amazon Kitchen Upgrades You’ll Wish You Bought Sooner!
qfSuCukDjFc	1098	2026-04-24	17 Incredible Smart Home Furniture That Will Upgrade Your Life (Luxury Living 2026)
xyUPiQ5ezj0	1097	2025-12-12	29 Incredible Space-Saving Furniture & Hidden Rooms to Reinvent Your Home!
JxpRIoFhiIY	1097	2026-02-25	27 Designer Inspired Furniture Ideas That Will Completely Refresh Your Home!
t0cMRoEd3i4	1091	2025-12-30	75 Bizarre Amazon Gadgets That Are Cool As Hell!
SmAtfPkkIW0	1091	2026-04-14	33 NEWEST Amazon Home Comfort Finds For Maximum Relaxation At Home!
ZbI2ifGB9NM	1090	2026-02-11	27 Premium Amazon Finds for a Smart & Minimalist & Home
S-98DzoRgDo	1085	2026-01-22	15 Coolest New Mini Gadgets For Men *CES 2026*
KM1VB7jqSqs	1083	2025-12-20	Mini Tools & Gadgets That Make Small Jobs 1000x Easier
sZSsidjmFUU	1079	2025-12-11	110+ PREMIUM Amazon Kitchen Gadgets for Modern Cooking!
df9ltpRgmvA	1078	2026-03-14	75 New Luxury Amazon Gadgets For Maximum Comfort
yic3_LuGsFo	1076	2026-04-23	17 Incredible Smart Home Furniture That Will Upgrade Your Life (Luxury Living 2026)
R0LnKnbYRkg	1070	2026-05-28	23 AMAZING Best Buy Gadgets You Can Actually Buy in 2026!
uHCoj0ICg2s	1059	2026-03-04	These Mind Blowing Amazon Kitchen Gadgets Will Make Your Home Feel High End..
ZgntlpMGyb0	1057	2026-02-20	75 Futuristic Seniors Gadgets That Make Life 100X Easier
63ITzYCPr4I	1055	2026-05-17	27 Elegant Garden Seating Ideas That Look Straight Out of a Resort
bZT7qB71O04	1051	2026-06-08	37 WEIRD Amazon Products You Will use EVERY DAY!
URnIULwFo04	1046	2026-05-21	100 Simple Home Decor Upgrades That Look HIGH END!
t-IDpqsvA5k	1042	2026-04-19	37 Luxury Furniture Finds To Completely Transform Your Living Room!
zm3BXnuTYqQ	1041	2025-12-15	35 CLEVER Amazon Kitchen Gadgets That Will Make Cooking 1000x Easier!
wJ5Vv8W5wKs	1041	2026-04-09	105 Best Amazon Home Luxury Finds Of 2026! Viral Picks!
uFI1unhmfco	1040	2026-03-02	120 Luxury Amazon Gadgets That Feel 10 Years Ahead
TJ8-l96TEzc	1039	2026-01-23	You'll Never Cook The Same After Seeing These Amazon Kitchen Gadgets..
CbYFXwFulvE	1039	2026-03-31	27 Patio & Backyard Upgrades That Will Make Your Home Look Fancy!
2dfaLZ0ASvc	1036	2026-05-14	100 Time Saving Amazon Kitchen Gadgets for Stress Free Cooking!
GH99rXYHAVw	1034	2026-02-24	27 Space Saving & Multifunctional Furniture That Will Level Up Your Home! *2026*
L0PSA3al6Tg	1033	2026-02-17	The Best Smart Kitchen Appliances You NEED in 2026..
GrhjQDtKmxE	1028	2026-05-16	Top 100 VIRAL Amazon Kitchen Gadgets Worth Buying in 2026!
xgH1Xr8ywjY	1027	2026-01-02	Automate Your Whole Life in 2026 With These Amazon Products…
3CY9bMha698	1024	2026-04-24	225 HIGHLY Useful Amazon Gadgets You Can Take With You ANYWHERE!
ziuA6EvTW6E	1023	2026-04-28	35 TEMU GADGETS That EVERY Woman Is Buying RIGHT NOW
U4UQuDst00w	1021	2026-03-30	🔥 67 INSANE Amazon Home Finds For The Ultimate Backyard Setup in 2026!
-AV-7iRSZJg	1020	2026-04-16	27 Futuristic Amazon Home & Kitchen Gadgets That Will Change How You Live!
UtxQeiRlGNc	1017	2026-02-28	27 Smart Home Gadgets & Furniture For Smart & Modern Living
IXEXXyQXeKM	1016	2026-02-25	23 Patio Furniture Ideas for Stylish and Durable Outdoor Spaces
SeaC10_Vqy4	1015	2026-06-05	101 Luxury Backyard Designs & Finds Of The Rich & Famous
H1p8jstOofA	1012	2026-04-24	110+ Luxury Amazon Smart Home Upgrades That Are Totally Worth It!
_TcQ2UPtp4I	1003	2026-03-02	35 AMAZON Smart Home Gadgets That Will Make Your Life 1000 Times Better! *2026*
2D4xOGfDp_8	1002	2026-02-18	75+ Luxury Amazon Kitchen  Gadgets *February 2026*
dRGeWV24frA	1001	2026-04-10	33 Unique Luxury Furniture Finds That Will Instantly Transform Your Home!
rTiaO6r4BR0	1000	2026-05-17	100+ Genius Amazon Home Gadgets You Need In 2026! 🤯 (Viral Life Hacks)
oiFkTyynHKI	998	2026-03-19	97 High End & Smart Furniture Upgrades for Modern Luxury Living in 2026
ofA_Qzj6fWU	992	2026-01-15	You Will NEED These Gadgets to Organize Your Kitchen in 2026!
jrYi7lSQoiI	991	2026-06-07	95 Every Day LUXURY TEMU Gadgets For Under $5
LEQU2MY_rhI	990	2026-05-24	25 Mini Health Gadgets That'll Change Your Life
UdofuitSE_U	989	2026-01-15	150+ Genius Space Saving Bedroom Gadgets *Amazon Finds*
snRrXGQS9UM	986	2026-06-06	17 Cheap Temu Gadgets That Will Replace Your Expensive Name Brands 🤫
cWBDikDvpWo	986	2025-12-13	45+ Bizarre Amazon Kitchen Gadgets That Make Perfect Gifts!
je7TtADGXU4	982	2026-04-30	70 INCREDIBLE Amazon Home Products For a Modern & Comfortable Life!
0wcIOvyjOZw	982	2025-12-22	I Didn’t Need These Amazon Kitchen Gadgets… Until I Tried Them
nF73HYLoep4	981	2025-12-12	100+ MODERN & LUXURY Kitchen Gadgets You'll Want To Buy in 2026!
aYnKoGvIX8M	980	2026-05-11	55 NEW Amazon Home Comfort Finds People Can't Stop Buying *Viral Products 2026*
0oES_apqzs4	978	2026-02-16	47 Luxury Amazon Backyard Finds for a High End Minimalist Look
Mb2bmF0H-k4	974	2026-04-30	27 Amazon Sleep Gadgets Women Over 50 Swear By for Better Nights
1k_owU4l-Nw	974	2026-05-07	31 Genius Amazon Smart Home Buys Everyone Will Steal in 2026!
uLABoGiwSHI	969	2026-05-07	67 SMARTEST Home Gadgets Amazon Isn't Showing You.. And They're SO GOOD!
rjNtEfbJvBM	968	2026-02-25	27 GENIUS Amazon Household Gadgets That Will Make Your Life 1000x Easier!
lobFGiU8dVM	964	2026-04-29	You Deserve This… Amazon Gadgets Women Over 50 Are LOVING Right  Now!
jIbbf9-zc-0	964	2026-03-31	INCREDIBLE Space Saving Furniture & Smart Home Design Ideas For 2026!
kihnHrk1Xvs	960	2026-03-14	27 Home Decor and Design Ideas For A More High End Look!
ya5p41KSZf4	959	2026-01-30	25 Luxury Home Essentials *2026 Guide*
WLLujGJ13kw	959	2026-03-16	33 AMAZON Smart Home Gadgets That Will Make Your Life 1000 Times BETTER! *2026*
IIomkyF6e-k	959	2026-04-18	29 Space Saving Furniture & Clever Home Designs You've Never Seen Before!
sdL6kIwvmoY	954	2026-02-09	85 Amazon Smart Home Gadgets For 10x More Comfort & Wellbeing
6a6a4eIvCPY	950	2026-05-25	LET'S DECORATE: 100+ Modern Decor Upgrades You NEED in 2026 (2 Hours of Ideas) 🛋️✨
pEK3xkX1i4E	946	2025-12-22	This Looks Like An Evil Robot… Until You Turn It On!
VXtO4iFpHmw	943	2026-06-02	33 Smartest Amazon Home Gadgets That Save You Time & Effort! *2026*
vRGGiHV-m7g	941	2026-03-22	85+ Luxury Amazon Furniture & Interior Design Ideas for a Futuristic Home!
kzHvWsU_FpU	941	2026-06-03	100 Amazon Seniors Gadgets That Make Life 100X Easier!
x16LIOsjIqM	936	2026-02-27	100+ Cool & Popular Amazon Gadgets Everyone Will Want in 2026!
FogPOzdVv9c	928	2026-06-10	These Weird Amazon Gadgets Solved My Biggest Problems 🤯
9MDDevVyJto	928	2026-04-15	25 Futuristic Amazon Home Gadgets Coming In 2026
p8clH430kkA	922	2026-02-01	Elevate Your Comfort With These Unique Amazon Home Gadgets in 2026..
Vx4HPBW-EJk	922	2026-02-03	9 Highly-Efficient Amazon Tablets CHEAPER Than iPad! *Best Budget Tablets 2026*
NHjwygEiKY0	922	2026-05-31	27 Smartest Amazon Kitchen Gadgets That Save You Time & Effort! *2026*
T3AC-UfslSw	915	2026-05-30	100+ INCREDIBLE Amazon Gadgets That Are Blowing People's Minds! *2026 Mega Compilation
uV1ulDamgH8	909	2025-12-14	25+ USEFUL Amazon Kitchen Gadgets for LAZY People!
gz5e9evfvOA	909	2026-03-10	105 New Luxury Amazon Gadgets For Women
ePktMYUWy14	907	2026-04-21	250 Luxury Home Decor That Saves You Space & Instantly Uplifts Your Home
D-UHx_JoURg	906	2026-05-09	47 Luxury Amazon Bathroom Finds For a Modern & High End Home!
02MwZAW1BVQ	905	2026-03-01	14 Elevated Kitchenettes That Redefine Small Space Living
SE75anNO8Bo	904	2026-04-27	37 Amazon Home Finds That Upgrade Your Daily Life After 50!
XHRVb-W7nSU	902	2026-03-19	33 Luxury Home Decor Finds & Furniture For A More High End Look! *On Amazon*
meeHEo7WLfw	897	2026-05-03	30 INCREDIBLE Amazon Home Upgrades You'll Wish You Found SOONER!
okrMM0suw_4	889	2026-04-22	20 Amazon Smart Home Gadgets That Are Actually Worth It (No BS)
1sLNFgg3hcg	887	2026-06-03	105 TOP RATED Luxury Home Decor Finds Of 2026!
MsLxmT3eKt4	882	2026-02-24	Ultimate Luxury Home Gadgets For Maximum Comfort *2026 Guide*
TG1usn3BJ_Q	881	2026-05-15	77 Luxury Furniture & Decor Ideas That Make Your Feel High End!
OHa1BlgO-xk	881	2026-03-16	100+ CRAZY Amazon Gadgets Everyone Is Buying in Summer 2026! *Viral Products*
5Ne-fxIzgA8	881	2026-03-29	Unique Gadgets That Everyone Is Buying
ySruf5fet40	878	2026-01-15	25 Luxury Amazon Gadgets That Transform Your Home Into A Spa!
4gbYzXBg3AQ	877	2026-06-09	27 Aesthetic Interior Decor Ideas That Will Instantly Upgrade Any Home!
nGA3sRWHjvc	869	2026-06-03	100+ GENIUS Amazon Kitchen Gadgets That Make Cooking SO MUCH Better!
rDjO8wYJ3cs	868	2025-12-14	85 WEIRD Amazon Finds That Are Secretly GENIUS!
KMtRjiqMblg	863	2026-06-01	77 Weird Little Amazon Gadgets You Wont Regret Buying!
cP7pMMba8jc	859	2025-12-31	Smart NEW Amazon Cleaning Gadgets Save Me HOURS Every Week...
0zepAnEqbw0	856	2025-12-13	35+ CLEVER Amazon Kitchen Gadgets You'll Definitely Need This Holiday!
WKM70tttyzM	855	2026-02-23	29 Time Saving Amazon Gadgets For Busy Homes!
39j4JXdOzx8	855	2026-03-25	29 CLEVER Amazon Gadgets For An Easier, More Comfortable Life!
Mkyemq2hlBM	854	2026-04-22	27 Amazon Decor Finds to Completely Transform Your Home's Vibe!
SzpKKGueGmk	852	2026-04-23	19 Futuristic Home Decor Finds That Will Give Your Home a Modern Vibe!
LrMOSIJd3SE	851	2026-04-26	199 GENIUS Amazon Travel Gadgets You'll Wish You Had Sooner! *Amazon 2026*
umyyG9wbIuY	849	2026-03-10	33 Luxury Amazon Home Finds That Will Instantly Upgrade Your Home’s Vibe..
VUB2ABMwqGE	847	2026-01-17	Why Are So Many People Buying These Amazon Gadgets?
zdwB4OOvDrg	843	2026-01-10	200+ GREATEST Amazon Smart Home Gadgets You MUST See in 2026!
AeToF8anawI	838	2026-02-17	110 Modern Smart Home Gadgets For An Aesthetic & Functional Home
NgFNuLTJ6DM	836	2026-04-02	33 Smart Amazon Gadgets That Make Your Life Easier at Home
zIgf0lyfWs0	833	2026-03-03	27 High End Amazon Finds For The Ultimate Luxury Home Setup (2026)
pHGEXj1uxfM	826	2025-12-18	I Was About To Buy a Bigger Kitchen Until I found These Space Saving Gadgets
ISNyGneTdQw	826	2026-02-11	100 GENIUS Amazon Home Products You’ll Wish You Bought Sooner! (2026)
jWznADTctGE	822	2026-06-04	17 SMART Temu Gadgets Mainstream Brands Don't Want You To SEE! 👀🤫
63_efjmd6r8	822	2026-05-15	70 COOLEST Amazon Home Finds You Can Actually BUY!
EA96VLZtsDM	821	2026-05-26	100+ Incredible Amazon Smart Home Upgrades That Will Upgrade Your Life!
GstwcbEXPCw	818	2025-12-11	29+ Fresh And Easy 2025 Holiday Decorating Ideas That Will Get Your Wheels Turning!
42K08UM_rCs	813	2026-06-07	120 Temu Cleaning Gadgets That Feel ILLEGAL To Know About 🧼🤫
1tVDIaB9bkQ	811	2026-01-29	Top Must-Have Smart Home Gadgets on Amazon (2026 Picks)
LIZC6fZNo2Y	809	2026-05-13	70 LUXURY Furniture & Decor Finds That Will UPGRADE Your Home! *2026*
zRWGdITBwWQ	808	2025-12-19	I Bought A Bugatti From TEMU & You Won't Believe What Happened
ZTztRvmvoSU	807	2026-01-31	These Amazon Gadgets Completely Changed How I Cook..
nTLvQa9wYFc	806	2026-04-26	These Crazy Amazon Gadgets Are Selling Out FAST.. Here's Why
g0N9L-NCokU	806	2026-01-12	250+ Ultimate Healthy Gadgets For 2026 *Including PROTEIN ICE CREAM!*
Nr6bBudYkWU	797	2025-12-17	The Unexpected Benefits of These 65 Modern Kitchen Gadgets Will Blow Your Mind!
cIumINVvXws	781	2026-01-07	Top 15 Wearable Health & Fitness Gadgets For 2026 That Everyone Is Buying
1DNlJLMtSN4	775	2026-05-07	47 INCREDIBLE Bathroom Gadgets Amazon Isn't Showing You.. And They're SO GOOD!
5Wqx7TUIwwA	771	2026-02-24	55 Futuristic Home Appliances That Will Change Your Life *LG|Bosch|Café*
5LzHS8r3CrM	768	2026-01-26	These Amazon Gadgets Are a Game-Changer for Comfort at Home..
sW0t-pJaf_g	767	2026-01-14	Best Every Day Amazon Tech Finds Of 2026
BKK2Zypf7_U	766	2026-02-28	110+ CRAZY Amazon Home Gadgets Everyone Is OBSESSED With! *Viral Products 2026*
KV8JZwJ2ZOU	765	2026-04-11	30 TIME SAVING Amazon Kitchen Gadgets You Wish You Found SOONER!
sGe09Pe0okE	763	2025-12-15	35+ Futuristic Love Seat, Sectionals & Home Decor Coming In 2026
NDjF7CL2Kqc	762	2026-05-24	95 Luxury Backyard Gadgets For Ultimate Summer RELAXATION!
3wIbglL_DLA	761	2026-02-25	37 Clever Finds & Storage Hacks That Make Tiny Kitchens Look HUGE!
OVqMx7Wqcy8	759	2026-05-28	170 Luxury Amazon Smart Home Gadgets For Stress Free Living In 2026!
hBg4RurD07A	758	2026-05-05	67 Clever Amazon Home Gadgets That Made My Life 10x Easier!
5WhLHHfA2ME	758	2026-01-07	35+ Amazon Home Essentials for Maximum Comfort
B9l_d4jM3IY	754	2026-02-23	12 Robots That Will Soon CLEAN Your ENTIRE House!
6SWio3Yf9ck	752	2026-05-08	70 GENIUS TikTok Home Gadgets That Will Improve How You Live..
F8zCQXZwvk0	746	2026-06-06	150 Hill Billy Home & Modern Backyard Finds That Instantly Elevate Any Home!
X-7jrQlTaIM	742	2026-05-20	200+ Life Changing Amazon Gadgets For a Stress Free Home in 2026! *2 Hours Of Ideas*
Gyvz00JgYTs	735	2026-05-19	105 Luxury INFLATABLE Backyard Finds That INSTANTLY Transform Any Space
3CmZCqJPa4s	731	2025-12-27	65 Amazon Finds That Make Your Home Feel Like a 5-Star Hotel
1AjcvpO696g	725	2026-02-04	25 Amazon Comfort Gadgets I Wish I Bought Sooner..
Uixo3bwwcgw	723	2026-01-23	250 Luxury Amazon Gadgets That Instantly Upgrade Your Home
Exw6uWtX46U	723	2026-03-30	125 Luxury Amazon Camping Gadgets That Elevate The Outdoors
_DWietIdeqc	719	2026-04-22	27 Smart Home Furniture That Instantly Makes Your Home 10x More Comfortable!
Jp8v1jbwans	716	2026-02-03	9 Mind-Blowing Amazon Tablets CHEAPER Than iPad! *Best Budget Tablets 2026*
ocqnQssYb4o	712	2025-12-20	These Comfortable Amazon Finds Quietly Upgraded My Daily Life!
5JrJMCpvsXQ	705	2026-05-19	75 New Amazon Tools & Gadgets Every Dad Wants For Father's Day
tVkniTR8CVI	698	2026-04-20	33 CLEVER Kitchen Organization Hacks & Storage Solutions You've Not Seen Before!
-PtlzPxvcnU	696	2026-04-13	400 Ultra Luxury Home Decor & Designs That Instantly Uplift Your Home
qnIXh21GjMs	688	2026-02-23	100 Amazon Gadgets & Furniture For Maximum Comfort In Your Home!
fzep94mnq3g	687	2026-04-29	35 BRILLIANT TEMU GADGETS That EVERY Modern Home NEEDS
DHhTzBsXb5I	683	2026-05-23	25 Coolest New Summer Gadgets Of 2026
rnxH6Lwjt94	681	2026-01-16	These 67 Amazon Gadgets Do the Work So You Don’t Have To..
muzI17xGGUU	676	2026-01-14	Futuristic Pet Gadgets That Everyone's Buying
GSEurtRM-q4	676	2026-02-25	47 Smartest Amazon Kitchen Gadgets To Level Up Your Cooking Game!
s250PoYP6Mo	675	2026-02-02	255 Genius Space Saving Gadgets For Tiny Homes
FnxaqI_2EFE	674	2026-04-29	150 GENIUS Items You NEED In Your Home
2AWuY46BDuI	669	2025-12-16	35 CLEVER Amazon Kitchen Gadgets That Will Make Cooking 1000x Easier!
g3mdYCFYB4w	659	2026-06-02	37 NEXT LEVEL Car Gadgets Totally Worth Buying! *2026*
bg_UJTzM6Fg	653	2026-05-05	67 SMARTEST Home Gadgets Amazon Isn't Showing You.. And They're SO GOOD!
vUnJWtA8grQ	643	2026-06-05	150 GENIUS Temu Kitchen Gadgets That Make You Look Like a Pro Chef
3lsimbqAMHM	643	2026-03-21	105 Coolest Amazon Gadgets That Keep The Party Going All Summer Long
VmpJVYauSbo	641	2026-04-15	33 HIGH-END Kitchen Gadgets Amazon Isn't Showing You... And They're AMAZING!
6nTFT2o-lfA	640	2026-05-23	75 Viral Amazon Summer Gadgets Everyone Is Buying
F4rPrmN_SDw	632	2026-03-17	33 LUXURY Smart Home Upgrades For High End Living in 2026! *Amazon*
hwYITt4Z5yg	621	2026-05-19	27 Elegant Garden Seating Areas For a Modern, Cozy Backyard!
oOWO7yew-LY	620	2026-05-06	70 VIRAL TikTok Gadgets That Will Upgrade Your Life INSTANTLY..
5DMGOuP-zdY	618	2026-04-22	If Your Desk Feels Cluttered, These 27 Amazon Gadgets Might Help..
nt4GD_bAAOY	611	2026-05-21	These Outdoor Furniture Upgrades Will Turn Your Backyard Into A Luxury Retreat..
ODMqU54M89s	611	2026-05-07	70 INCREDIBLE Amazon Home Gadgets That Are Blowing Up On Social Media!
ZPgGsBztQn4	609	2026-04-22	25 Viral Luxury Home Decor Finds That Instantly Upgrade Your Home's Style
_iF-eZ9GZPk	606	2026-04-23	23 Amazon Comfort Gadgets For Instant Relaxation At Home!
-BdJbUw55cM	600	2026-04-26	27 NEW Amazon Home Gadgets Selling Out FAST… and They're SO Worth It 🔥
fEMgMDE2Oqw	597	2025-12-19	These Might Be the Weirdest TEMU Products Ever… Until You Try Them!
IT3APaTBUcw	588	2026-04-17	33 INSANELY Cool Amazon Garage Gadgets Everyone Will Own Soon! Amazon 2026
9Cp_Dcv1vlU	580	2026-01-12	A Bunch Of Amazon Stuff That's ACTUALLY Useful... in 2026
jHMPWOibmro	578	2026-04-23	27 Luxury Home Comfort Furniture Actually Worth Investing In This Spring!
FfgtH0zEnlw	573	2026-02-16	57 Modern Designs & Space Saving Furniture For A More Comfortable Home!
yUiGPU8udv0	556	2026-05-01	150 AMAZON GADGETS That NOBODY Shows You But You SHOULD See
KWAqvlWcjcc	550	2026-01-29	These Amazon Gadgets Will Change How You Live..
QNmV1DXY1Yo	546	2026-02-01	35 Luxury Amazon Beauty Gadgets Every Woman Wants! *Viral Products*
OQIVJZ3wO7o	544	2026-05-23	100+ Modern Luxury Home Decor Ideas in 2026 🏡 *2 Hours of Inspiration*
GA4ETxLG56c	542	2025-12-30	These Amazon Finds Make Everyday Problems Disappear in 2026..
BRx4DkvDrP8	522	2026-05-12	TikTok Made Me Buy These Viral Kitchen Gadgets.. And They Actually WORK!
avjBUTo8K2c	521	2026-04-19	200+ Smart Luxury Gadgets That Will Transform Your Home In 2026!
qk5ijS74Ax4	516	2026-04-28	35 AMAZON GADGETS That Came To STAY In Your HOME
hSv9ZdAKHMw	494	2026-06-08	Genius Space Saving Furniture & Clever Designs That Make Homes 10x Better! 🤯
5cnR16WzbTQ	492	2026-05-14	100 Viral TikTok Kitchen Gadgets You Can’t Stop Watching..
iuNnpH4dwXk	491	2026-06-10	33 Viral Amazon Kitchen Gadgets You'll Wish You Bought Years Ago! 😭
0EvhS7tfuSA	488	2026-06-10	250 Most EXTRAVAGANT Backyard Designs & Finds For Summer 2026!
14B3qTPz2d0	486	2026-05-13	55 NEW Amazon Finds That Instantly Make Your Home 10x More Comfortable!
_ERDkoEMdGo	483	2026-01-30	10 Luxury Amazon Vacations & Destinations That Everyone Is Buying In Winter 2026!
DjBUkGiRf5M	483	2026-06-10	110 Insane Backyard Inventions That Will Blow Your Neighbors' Minds 🤯 😱
wY_EQWKIuW0	457	2026-01-31	10 Luxury Amazon Vacations & Destinations That Everyone Is Buying In Winter 2026!
_HglxUOyOoI	457	2026-05-01	27 Clever Amazon Home Gadgets That Will Make Your Life Easier! in 24 hours
PbzBoSmReoA	444	2026-01-16	These Amazon Home & Kitchen Gadgets Will Do EVERYTHING For You in 2026..
TGxE8HwhJAs	435	2026-04-21	33 CLEVER Kitchen Organization Hacks & Storage Solutions You've Not Seen Before!
xf3IExkcsDM	412	2025-12-22	Check Out These Amazon Products Before You Buy The Wrong Christmas Gifts
QnD_sDrLEgs	399	2025-12-13	35 Luxury Coffee Machines & Accessories Coming 2026!
Pgqe3KIj2VU	346	2026-04-16	25 Ultra Luxury Road Trip Must Haves For Summer 2026!
DO2-xxXcG80	342	2026-04-30	27 VIRAL Amazon Home Gadgets That Are Selling Out FAST! *Don't Miss Out*
cIWh66yUdrs	325	2026-04-30	Before & After: These Amazon Finds Changed My Daily Routine!
