auKsTSjy5Rs\t36296\t20260720\t499\t834\t31\tAfrican Meerkat: Surviving Among the Realm of Predators | From Birth to Adulthood
sm2yvOx_ZwA\t75611\t20260719\t488\t1159\t45\tHoney Badger Risks Everything to Reach Its Burrow | Chased by a Lioness and a Martial Eagle
_GkeaR2xFJs\t117489\t20260718\t587\t2043\t34\tWhy Is the Honey Badger Africa's Most Fearless Animal? | From Tiny Cub to Fearless Survivor
LHtp33D29xs\t50263\t20260717\t458\t1581\t45\tDouble Assassins: The Coyote & American Badger's Relentless Hunt
16et3MF2fxk\t674534\t20260716\t591\t5964\t127\tWhy Do Hornbills Wake Sleeping Mongooses Every Morning? | Africa's Smartest Wildlife Partnership!
EXH4sm51tM8\t36456\t20260715\t771\t378\t41\tThe Incredible Life Cycle of a Snakebird That Escaped a Hungry Crocodile | From Egg to Survivor
GmNILKpdMd0\t855377\t20260714\t609\t9350\t119\tSurvival of the Fittest | Mongoose vs. Spitting Cobra - Fight to the Death
q1ZGq0P4X00\t160264\t20260713\t617\t1751\t75\tHow Can One Buffalo Support an Entire Ecosystem? | Following a Mongoose Family for a Day
p9pBhmjhr4o\t188503\t20260712\t674\t2437\t88\tThis Owl Raises Its Family Underground and Uses Dung to Hunt | Burrowing Owl Life Cycle
MTGYkPHJvZs\t939961\t20260711\t611\t10344\t236\tWhy This Warthog Lets Mongooses Crawl All Over Its Face
x7sMTsaRRCE\t100703\t20260710\t408\t706\t59\tHow Red-billed Oxpeckers Save a Tick-Covered Warthog | The Life of an Oxpecker
CzbhxhQWAM0\t3041\t20260709\t507\t71\t16\tThis Hippo Was Losing the Battle Against Ticks… Until the River Saved It | The Life of an Oxpecker
oqC5OVJhSj0\t1984363\t20260708\t480\t21945\t652\tHundreds of Fish And Oxpecker Clean Thousands of Parasites Off This Buffalo | The Life of Oxpecker
8P8faH9bP4U\t57992\t20260706\t532\t658\t35\tThe Secret Life of the Red-billed Oxpecker | From Three Eggs to First Flight Of The Oxpecker
EhWpE5Tlzq4\t34666\t20260705\t380\t665\t39\tCan One Tiny Oxpecker Really Protect a Giant Buffalo?| The Life of an Oxpecker
XQN_p2z_624\t130161\t20260703\t498\t940\t42\tWhy Rhinos Let This Tiny Oxpecker Into Their Most Sensitive Places? | The Life of an Oxpecker
QCpCm1qqhu4\t653959\t20260701\t562\t4251\t186\tWhat Happens When Africa's Biggest Giants Depend on a Tiny Bird? | The Life of an Oxpecker
KpzwNRpHJZc\t326442\t20260630\t619\t2345\t40\tThe Dangerous Lesson Every Baby Oxpecker Must Learn | The Life of an Oxpecker
d1xtUbKDPWk\t609062\t20260629\t665\t7036\t169\tHow a Baby Oxpecker Grows Up to Ride Africa's Giants | The Life of an Oxpecker
uowU2xedeOg\t42432\t20260628\t836\t634\t33\tOXPECKER: HERO OR VILLAIN? The Bird That Saves… and Betrays | The Secret Life of an Oxpecker
7EUPTvtgO-0\t85402\t20260627\t577\t2143\t26\tGiant Rider: The Tiny Bird That Raises Babies in the Dark | The Full Life Cycle Of The Oxpecker
M-TAXnk3k-c\t49257\t20260626\t732\t831\t40\tThis Tiny Bird Rides Giants…But It’s Watching for Death Above |  A Day in the Life of an Oxpecker
RkIGZt3ZgoA\t66934\t20260625\t728\t838\t35\tLiving on Giants | A Day in the Life of an Oxpecker
mA2KY11gq0Y\t26720\t20260624\t658\t214\t22\tThe Tiny Bird That Giant Hippos Owe a Lifetime of Gratitude | The Full Life Cycle Of The Oxpecker
E25r4nwHU9A\t1879\t20260623\t482\t15\t8\tThe Reaper's Dive at 320 km/h, The World's Fastest Predator | Peregrine Falcon Full Life Cycle
6fjfsOcF9aM\t13095\t20260622\t504\t157\t16\tThis Bird Drinks Blood From Live Animals | The Full Life Cycle Of The Oxpecker
